1777237392.239440,10.10.1.100:46438,,,10,37,201.765
1777237392.293512,10.10.1.100:46438,,,10,37,201.765
1777237392.347922,10.10.1.100:46438,,,10,37,201.765
1777237392.402396,10.10.1.100:46438,,,10,37,201.765
1777237392.455661,10.10.1.100:39838,,,10,37,201.634
1777237392.456624,10.10.1.100:46438,,,10,41,201.735
1777237392.499343,10.10.1.100:39838,,,10,37,201.634
1777237392.500308,10.10.1.100:46438,,,10,41,201.735
1777237392.542347,10.10.1.100:39838,,,10,37,201.634
1777237392.543276,10.10.1.100:46438,,,10,41,201.735
1777237392.584812,10.10.1.100:39838,,,10,37,201.634
1777237392.585766,10.10.1.100:46438,,,10,41,201.735
1777237392.628680,10.10.1.100:39838,,,10,41,201.615
1777237392.629647,10.10.1.100:46438,,,10,41,201.735
1777237392.672599,10.10.1.100:39838,,,10,41,201.615
1777237392.673557,10.10.1.100:46438,,,10,162,206.945
1777237392.715798,10.10.1.100:39838,,,10,41,201.615
1777237392.716781,10.10.1.100:46438,,,10,162,206.945
1777237392.759105,10.10.1.100:39838,,,10,41,201.615
1777237392.760078,10.10.1.100:46438,,,10,162,206.945
1777237392.802415,10.10.1.100:39838,,,10,41,201.615
1777237392.803354,10.10.1.100:46438,,,10,162,206.945
1777237392.847078,10.10.1.100:39838,,,10,41,201.615
1777237392.848018,10.10.1.100:46438,,,10,162,206.945
1777237392.961647,10.10.1.100:39838,,,10,161,206.923
1777237393.096618,10.10.1.100:39838,,,10,161,206.923
1777237393.212180,10.10.1.100:46448,,,10,37,201.72
1777237393.496642,10.10.1.100:39840,,,10,37,201.27
1777237393.603494,10.10.1.100:46448,,,10,14517,201.668
1777237393.683560,10.10.1.100:46448,,,10,14517,201.668
1777237393.732688,10.10.1.100:46448,,,20,43477,201.396
1777237393.733449,10.10.1.100:39840,,,10,14517,201.249
1777237393.779706,10.10.1.100:46448,,,20,43477,201.396
1777237393.780442,10.10.1.100:39840,,,10,14517,201.249
1777237393.824163,10.10.1.100:46448,,,20,43477,201.396
1777237393.824895,10.10.1.100:39840,,,10,14517,201.249
1777237393.874748,10.10.1.100:46448,,,40,101397,201.217
1777237393.875509,10.10.1.100:39840,,,10,14517,201.249
1777237393.919954,10.10.1.100:46448,,,40,101397,201.217
1777237393.920692,10.10.1.100:39840,,,20,43477,201.297
1777237393.969253,10.10.1.100:46448,,,40,101397,201.217
1777237393.970102,10.10.1.100:39840,,,20,43477,201.297
1777237394.014860,10.10.1.100:46448,,,40,101397,201.217
1777237394.015607,10.10.1.100:39840,,,20,43477,201.297
1777237394.067894,10.10.1.100:46448,,,40,101397,201.217
1777237394.068643,10.10.1.100:39840,,,20,43477,201.297
1777237394.114641,10.10.1.100:46448,,,80,217237,201.292
1777237394.115400,10.10.1.100:39840,,,40,101397,201.009
1777237394.213167,10.10.1.100:46448,,,80,217237,201.292
1777237394.215118,10.10.1.100:39840,,,40,101397,201.009
1777237394.314685,10.10.1.100:46448,,,160,448917,201.291
1777237394.315502,10.10.1.100:39840,,,40,101397,201.009
1777237394.371518,10.10.1.100:46448,,,160,448917,201.291
1777237394.372332,10.10.1.100:39840,,,80,217237,201.899
1777237394.427275,10.10.1.100:46448,,,160,448917,201.291
1777237394.428134,10.10.1.100:39840,,,80,217237,201.899
1777237394.499776,10.10.1.100:46448,,,288,634261,201.179
1777237394.500614,10.10.1.100:39840,,,80,217237,201.899
1777237394.558276,10.10.1.100:46448,,,320,912277,206.282
1777237394.559087,10.10.1.100:39840,,,160,448917,201.009
1777237394.615619,10.10.1.100:46448,,,320,912277,206.282
1777237394.616535,10.10.1.100:39840,,,160,448917,201.009
1777237394.772605,10.10.1.100:46448,,,320,912277,206.282
1777237394.774772,10.10.1.100:39840,,,160,448917,201.009
1777237394.937940,10.10.1.100:46448,,,640,1838997,201.765
1777237394.939129,10.10.1.100:39840,,,320,912277,206.332
1777237395.008277,10.10.1.100:46448,,,1272,1272,202.712
1777237395.009280,10.10.1.100:39840,,,640,1319165,201.531
1777237395.085442,10.10.1.100:46448,,,1272,1272,202.712
1777237395.086740,10.10.1.100:39840,,,640,1710125,201.531
1777237395.266216,10.10.1.100:46448,,,1273,1272,203.386
1777237395.269327,10.10.1.100:39840,,,751,2125701,203.336
1777237395.353078,10.10.1.100:46448,,,1273,1272,204.808
1777237395.353990,10.10.1.100:39840,1,1,504,418,204.962
1777237395.420148,10.10.1.100:46448,19,19,1241,894,208.246
1777237395.421144,10.10.1.100:39840,4,5,405,209,208.159
1777237395.489624,10.10.1.100:46448,19,19,1112,894,207.517
1777237395.490595,10.10.1.100:39840,4,5,333,209,207.459
1777237395.592860,10.10.1.100:46448,19,19,980,894,208.047
1777237395.595391,10.10.1.100:39840,4,5,281,209,207.788
1777237395.792351,10.10.1.100:46448,0,19,902,894,200.866
1777237395.794700,10.10.1.100:39840,0,5,209,209,201.358
1777237396.007246,10.10.1.100:46448,0,19,922,894,202.032
1777237396.011672,10.10.1.100:39840,0,5,210,209,202.041
1777237396.103050,10.10.1.100:46448,0,19,945,894,201.957
1777237396.104260,10.10.1.100:39840,0,5,211,209,201.86
1777237396.168685,10.10.1.100:46448,0,19,958,894,201.995
1777237396.169687,10.10.1.100:39840,0,5,211,209,201.884
1777237396.236250,10.10.1.100:46448,0,19,959,894,201.734
1777237396.237267,10.10.1.100:39840,0,5,212,209,200.815
1777237396.311745,10.10.1.100:46448,0,19,968,894,201.891
1777237396.312981,10.10.1.100:39840,0,5,212,209,201.823
1777237396.380897,10.10.1.100:46448,0,19,979,894,202.027
1777237396.381816,10.10.1.100:39840,0,5,212,209,202.03
1777237396.451851,10.10.1.100:46448,0,19,980,894,201.539
1777237396.452877,10.10.1.100:39840,0,5,213,209,200.799
1777237396.523945,10.10.1.100:46448,0,19,990,894,201.723
1777237396.524990,10.10.1.100:39840,0,5,213,209,202.063
1777237396.590913,10.10.1.100:46448,0,19,1000,894,202.869
1777237396.591769,10.10.1.100:39840,0,5,213,209,202.239
1777237396.661262,10.10.1.100:46448,0,19,1000,894,201.604
1777237396.662453,10.10.1.100:39840,0,5,214,209,200.762
1777237396.734856,10.10.1.100:46448,0,19,1010,894,201.635
1777237396.735980,10.10.1.100:39840,0,5,214,209,201.249
1777237396.798845,10.10.1.100:46448,0,19,1018,894,206.293
1777237396.799676,10.10.1.100:39840,0,5,214,209,205.25
1777237396.869488,10.10.1.100:46448,0,19,1020,894,201.159
1777237396.870620,10.10.1.100:39840,0,5,215,209,200.885
1777237396.932964,10.10.1.100:46448,0,19,1029,894,202.212
1777237396.933859,10.10.1.100:39840,0,5,215,209,202.516
1777237396.988210,10.10.1.100:46448,0,19,1036,894,201.196
1777237396.988937,10.10.1.100:39840,0,5,215,209,201.328
1777237397.045635,10.10.1.100:46448,0,19,1037,894,200.993
1777237397.046536,10.10.1.100:39840,0,5,216,209,200.887
1777237397.107668,10.10.1.100:46448,0,19,1043,894,201.41
1777237397.108473,10.10.1.100:39840,0,5,216,209,201.046
1777237397.166904,10.10.1.100:46448,0,19,1050,894,202.023
1777237397.167649,10.10.1.100:39840,0,5,216,209,201.855
1777237397.221891,10.10.1.100:46448,0,19,1053,894,201.197
1777237397.222793,10.10.1.100:39840,0,5,217,209,200.751
1777237397.286581,10.10.1.100:46448,0,19,1057,894,201.411
1777237397.288770,10.10.1.100:39840,0,5,217,209,201.015
1777237397.350516,10.10.1.100:46448,0,19,1064,894,202.141
1777237397.351469,10.10.1.100:39840,0,5,217,209,202.06
1777237397.405626,10.10.1.100:46448,0,19,1069,894,201.182
1777237397.406385,10.10.1.100:39840,0,5,217,209,200.959
1777237397.466544,10.10.1.100:46448,0,19,1071,894,201.105
1777237397.467516,10.10.1.100:39840,0,5,218,209,200.836
1777237397.526657,10.10.1.100:46448,0,19,1077,894,201.625
1777237397.527623,10.10.1.100:39840,0,5,218,209,201.441
1777237397.665147,10.10.1.100:46448,0,19,1083,894,202.076
1777237397.668206,10.10.1.100:39840,0,5,218,209,202.31
1777237397.810179,10.10.1.100:46448,0,19,1094,894,200.913
1777237397.811084,10.10.1.100:39840,0,5,219,209,201.221
1777237397.885762,10.10.1.100:46448,0,19,1101,894,201.037
1777237397.886764,10.10.1.100:39840,0,5,220,209,200.874
1777237397.957496,10.10.1.100:46448,0,19,1108,894,201.917
1777237397.958470,10.10.1.100:39840,0,5,220,209,201.745
1777237398.021063,10.10.1.100:46448,0,19,1113,894,201.459
1777237398.022156,10.10.1.100:39840,0,5,220,209,200.967
1777237398.091654,10.10.1.100:46448,0,19,1115,894,200.931
1777237398.092659,10.10.1.100:39840,0,5,221,209,200.846
1777237398.163330,10.10.1.100:46448,0,19,1122,894,201.752
1777237398.164391,10.10.1.100:39840,0,5,221,209,201.473
1777237398.228635,10.10.1.100:46448,0,19,1126,894,201.276
1777237398.229626,10.10.1.100:39840,0,5,222,209,200.959
1777237398.312861,10.10.1.100:46448,0,19,1129,894,201.176
1777237398.316776,10.10.1.100:39840,0,5,222,209,200.908
1777237398.524788,10.10.1.100:46448,0,19,1138,894,201.659
1777237398.527864,10.10.1.100:39840,0,5,222,209,201.539
1777237398.601496,10.10.1.100:46448,0,19,1149,894,201.879
1777237398.602492,10.10.1.100:39840,0,5,223,209,201.783
1777237398.670194,10.10.1.100:46448,0,19,1150,894,201.818
1777237398.671297,10.10.1.100:39840,0,5,224,209,200.863
1777237398.745293,10.10.1.100:46448,0,19,1155,894,201.687
1777237398.746498,10.10.1.100:39840,0,5,224,209,201.597
1777237398.927366,10.10.1.100:46448,0,19,1161,894,201.515
1777237398.930501,10.10.1.100:39840,0,5,224,209,201.347
1777237399.142542,10.10.1.100:46448,0,19,1172,894,201.408
1777237399.145605,10.10.1.100:39840,0,5,225,209,201.154
1777237399.223617,10.10.1.100:46448,0,19,1181,894,201.186
1777237399.224746,10.10.1.100:39840,0,5,226,209,201.323
1777237399.296774,10.10.1.100:46448,0,19,1183,894,201.035
1777237399.297794,10.10.1.100:39840,0,5,227,209,200.883
1777237399.370456,10.10.1.100:46448,0,19,1187,894,201.829
1777237399.371726,10.10.1.100:39840,0,5,227,209,201.911
1777237399.507718,10.10.1.100:46448,0,19,1190,894,201.998
1777237399.511751,10.10.1.100:39840,0,5,228,209,201.189
1777237399.678723,10.10.1.100:46448,0,19,1198,894,202.867
1777237399.679933,10.10.1.100:39840,0,5,228,209,202.937
1777237399.758712,10.10.1.100:46448,0,19,1203,894,202.907
1777237399.759712,10.10.1.100:39840,0,5,229,209,202.729
1777237399.827278,10.10.1.100:46448,0,19,1206,894,203.384
1777237399.828324,10.10.1.100:39840,0,5,229,209,203.504
1777237399.898874,10.10.1.100:46448,0,19,1208,894,201.56
1777237399.899830,10.10.1.100:39840,0,5,230,209,201.101
1777237399.970982,10.10.1.100:46448,0,19,1211,894,201.272
1777237399.972007,10.10.1.100:39840,0,5,230,209,201.227
1777237400.039472,10.10.1.100:46448,0,19,1214,894,201.692
1777237400.040430,10.10.1.100:39840,0,5,230,209,201.482
1777237400.109581,10.10.1.100:46448,0,19,1216,894,201.087
1777237400.110628,10.10.1.100:39840,0,5,231,209,201.041
1777237400.182288,10.10.1.100:46448,0,19,1219,894,201.712
1777237400.183327,10.10.1.100:39840,0,5,231,209,201.482
1777237400.250041,10.10.1.100:46448,0,19,1221,894,201.931
1777237400.250998,10.10.1.100:39840,0,5,232,209,201.237
1777237400.335016,10.10.1.100:46448,0,19,1223,894,201.31
1777237400.338728,10.10.1.100:39840,0,5,232,209,201.323
1777237400.586477,10.10.1.100:46448,0,19,1227,894,201.887
1777237400.589695,10.10.1.100:39840,0,5,232,209,201.599
1777237400.819190,10.10.1.100:46448,0,19,1234,894,201.369
1777237400.821190,10.10.1.100:39840,0,5,234,209,201.227
1777237401.072088,10.10.1.100:46448,0,19,1240,894,201.233
1777237401.076748,10.10.1.100:39840,0,5,235,209,201.426
1777237401.277463,10.10.1.100:46448,0,19,1247,894,201.502
1777237401.280458,10.10.1.100:39840,0,5,236,209,201.248
1777237401.436313,10.10.1.100:46448,0,19,1250,894,201.19
1777237401.438983,10.10.1.100:39840,0,5,237,209,201.18
1777237401.660754,10.10.1.100:46448,0,19,1254,894,201.62
1777237401.661957,10.10.1.100:39840,0,5,238,209,201.174
1777237401.831309,10.10.1.100:46448,0,19,1258,894,201.988
1777237401.833992,10.10.1.100:39840,0,5,239,209,201.67
1777237401.954436,10.10.1.100:46448,0,19,1260,894,201.405
1777237401.955452,10.10.1.100:39840,0,5,240,209,201.053
1777237402.112865,10.10.1.100:46448,0,19,1262,894,201.459
1777237402.116897,10.10.1.100:39840,0,5,240,209,201.35
1777237402.302495,10.10.1.100:46448,0,19,1265,894,201.398
1777237402.303671,10.10.1.100:39840,0,5,241,209,201.626
1777237402.378699,10.10.1.100:46448,0,19,1267,894,201.124
1777237402.379714,10.10.1.100:39840,0,5,242,209,201.106
1777237402.599117,10.10.1.100:46448,0,19,1267,894,201.212
1777237402.602010,10.10.1.100:39840,0,5,242,209,201.179
1777237402.710200,10.10.1.100:46448,0,19,1270,894,201.209
1777237402.711288,10.10.1.100:39840,0,5,244,209,201.638
1777237402.780719,10.10.1.100:46448,0,19,1271,894,201.939
1777237402.781705,10.10.1.100:39840,0,5,244,209,201.489
1777237402.962923,10.10.1.100:46448,0,19,1271,894,201.498
1777237402.966074,10.10.1.100:39840,0,5,244,209,201.768
1777237403.165598,10.10.1.100:46448,0,19,1273,894,201.559
1777237403.166893,10.10.1.100:39840,0,5,245,209,201.45
1777237403.242854,10.10.1.100:46448,0,19,1274,894,201.376
1777237403.243856,10.10.1.100:39840,0,5,246,209,200.957
1777237403.315600,10.10.1.100:46448,0,19,1274,894,201.201
1777237403.316683,10.10.1.100:39840,0,5,247,209,200.956
1777237403.435154,10.10.1.100:46448,0,19,1275,894,201.07
1777237403.438026,10.10.1.100:39840,0,5,247,209,201.242
1777237403.640049,10.10.1.100:46448,0,19,1275,894,201.148
1777237403.643483,10.10.1.100:39840,0,5,248,209,201.095
1777237403.810132,10.10.1.100:46448,0,19,1276,894,201.099
1777237403.811278,10.10.1.100:39840,0,5,249,209,201.154
1777237403.880997,10.10.1.100:46448,0,19,1277,894,201.807
1777237403.881985,10.10.1.100:39840,0,5,249,209,201.741
1777237403.957765,10.10.1.100:46448,0,19,1278,894,201.331
1777237403.958997,10.10.1.100:39840,0,5,250,209,201.21
1777237404.128795,10.10.1.100:46448,0,19,1278,894,201.534
1777237404.131977,10.10.1.100:39840,0,5,250,209,201.103
1777237404.225363,10.10.1.100:46448,0,19,1278,894,201.021
1777237404.226437,10.10.1.100:39840,0,5,251,209,200.926
1777237404.296895,10.10.1.100:46448,0,19,1278,894,201.03
1777237404.297863,10.10.1.100:39840,0,5,252,209,201.172
1777237404.368368,10.10.1.100:46448,0,19,1278,894,201.087
1777237404.369359,10.10.1.100:39840,0,5,252,209,201.108
1777237404.441619,10.10.1.100:46448,0,19,1278,894,201.351
1777237404.442690,10.10.1.100:39840,0,5,252,209,201.44
1777237404.513423,10.10.1.100:46448,0,19,1278,894,200.997
1777237404.514451,10.10.1.100:39840,0,5,253,209,200.993
1777237404.585334,10.10.1.100:46448,0,19,1278,894,201.047
1777237404.586406,10.10.1.100:39840,0,5,253,209,201.143
1777237404.662366,10.10.1.100:46448,0,19,1278,894,201.115
1777237404.663507,10.10.1.100:39840,0,5,253,209,201.062
1777237404.741882,10.10.1.100:46448,0,19,1278,894,201.078
1777237404.743090,10.10.1.100:39840,0,5,254,209,201.357
1777237404.815828,10.10.1.100:46448,0,19,1278,894,201.294
1777237404.816833,10.10.1.100:39840,0,5,254,209,201.415
1777237404.892083,10.10.1.100:46448,0,19,1278,894,201.626
1777237404.893051,10.10.1.100:39840,0,5,254,209,201.416
1777237405.105310,10.10.1.100:46448,0,19,1278,894,201.25
1777237405.108430,10.10.1.100:39840,0,5,255,209,201.42
1777237405.216665,10.10.1.100:46448,0,19,1278,894,201.279
1777237405.217720,10.10.1.100:39840,0,5,256,209,201.227
1777237405.288550,10.10.1.100:46448,0,19,1278,894,201.242
1777237405.289616,10.10.1.100:39840,0,5,256,209,201.065
1777237405.359877,10.10.1.100:46448,0,19,1278,894,201.272
1777237405.360892,10.10.1.100:39840,0,5,257,209,201.132
1777237405.460128,10.10.1.100:46448,0,19,1278,894,201.057
1777237405.463318,10.10.1.100:39840,0,5,257,209,201.507
1777237405.665010,10.10.1.100:46448,0,19,1278,894,201.359
1777237405.668454,10.10.1.100:39840,0,5,258,209,201.206
1777237405.867219,10.10.1.100:46448,0,19,1278,894,201.432
1777237405.870202,10.10.1.100:39840,0,5,259,209,201.418
1777237406.049577,10.10.1.100:46448,0,19,1278,894,203.583
1777237406.050779,10.10.1.100:39840,0,5,260,209,203.326
1777237406.122396,10.10.1.100:46448,0,19,1278,894,201.438
1777237406.123481,10.10.1.100:39840,0,5,260,209,201.441
1777237406.191394,10.10.1.100:46448,0,19,1278,894,201.622
1777237406.192353,10.10.1.100:39840,0,5,261,209,201.505
1777237406.261885,10.10.1.100:46448,0,19,1278,894,201.443
1777237406.263047,10.10.1.100:39840,0,5,261,209,201.513
1777237406.331402,10.10.1.100:46448,0,19,1278,894,201.359
1777237406.332399,10.10.1.100:39840,0,5,261,209,201.245
1777237406.399717,10.10.1.100:46448,0,19,1278,894,201.422
1777237406.400711,10.10.1.100:39840,0,5,262,209,201.124
1777237406.469756,10.10.1.100:46448,0,19,1278,894,201.428
1777237406.470819,10.10.1.100:39840,0,5,262,209,201.45
1777237406.538697,10.10.1.100:46448,0,19,1278,894,201.414
1777237406.539725,10.10.1.100:39840,0,5,262,209,201.437
1777237406.608263,10.10.1.100:46448,0,19,1278,894,201.23
1777237406.609262,10.10.1.100:39840,0,5,263,209,201.124
1777237406.683684,10.10.1.100:46448,0,19,1279,894,201.289
1777237406.684733,10.10.1.100:39840,0,5,263,209,201.348
1777237406.877779,10.10.1.100:46448,0,19,1279,894,201.021
1777237406.880457,10.10.1.100:39840,0,5,264,209,201.261
1777237406.967685,10.10.1.100:46448,45,64,977,895,204.628
1777237406.968681,10.10.1.100:39840,8,13,147,132,204.664
1777237407.039934,10.10.1.100:46448,45,64,777,895,202.062
1777237407.040933,10.10.1.100:39840,8,13,132,132,203.078
1777237407.140097,10.10.1.100:46448,0,64,903,895,200.886
1777237407.143221,10.10.1.100:39840,0,13,132,132,201.909
1777237407.301360,10.10.1.100:46448,0,64,913,895,201.076
1777237407.302537,10.10.1.100:39840,0,13,132,132,201.73
1777237407.373702,10.10.1.100:46448,0,64,933,895,201.892
1777237407.374614,10.10.1.100:39840,0,13,133,132,202.003
1777237407.495341,10.10.1.100:46448,0,64,937,895,200.94
1777237407.499834,10.10.1.100:39840,0,13,133,132,201.263
1777237407.671010,10.10.1.100:46448,0,64,959,895,200.927
1777237407.672165,10.10.1.100:39840,0,13,134,132,201.673
1777237407.750451,10.10.1.100:46448,0,64,971,895,201.578
1777237407.752059,10.10.1.100:39840,0,13,135,132,201.502
1777237407.814141,10.10.1.100:46448,0,64,980,895,201.923
1777237407.815306,10.10.1.100:39840,0,13,135,132,201.841
1777237407.883263,10.10.1.100:46448,0,64,984,895,202.234
1777237407.884390,10.10.1.100:39840,0,13,136,132,201.621
1777237407.957479,10.10.1.100:46448,0,64,992,895,202.235
1777237407.958532,10.10.1.100:39840,0,13,136,132,202.017
1777237408.022356,10.10.1.100:46448,0,64,999,895,202.005
1777237408.023521,10.10.1.100:39840,0,13,136,132,202.752
1777237408.090689,10.10.1.100:46448,0,64,1004,895,201.239
1777237408.091771,10.10.1.100:39840,0,13,137,132,201.337
1777237408.189782,10.10.1.100:46448,0,64,1012,895,201.91
1777237408.192599,10.10.1.100:39840,0,13,137,132,201.75
1777237408.400137,10.10.1.100:46448,0,64,1022,895,201.405
1777237408.403548,10.10.1.100:39840,0,13,138,132,201.35
1777237408.474696,10.10.1.100:46448,7,71,1023,727,205.967
1777237408.475668,10.10.1.100:39840,0,13,139,132,202.731
1777237408.541215,10.10.1.100:46448,7,71,928,727,202.55
1777237408.542171,10.10.1.100:39840,0,13,139,132,201.589
1777237408.603692,10.10.1.100:46448,7,71,787,727,202.823
1777237408.604693,10.10.1.100:39840,0,13,139,132,202.011
1777237408.774192,10.10.1.100:46448,7,71,727,727,202.436
1777237408.776290,10.10.1.100:39840,0,13,140,132,201.25
1777237408.971516,10.10.1.100:46448,0,71,738,727,200.972
1777237408.973823,10.10.1.100:39840,0,13,141,132,201.011
1777237409.169431,10.10.1.100:46448,0,71,750,727,200.843
1777237409.171897,10.10.1.100:39840,0,13,141,132,200.828
1777237409.316261,10.10.1.100:46448,0,71,761,727,200.937
1777237409.317329,10.10.1.100:39840,0,13,142,132,200.835
1777237409.384691,10.10.1.100:46448,0,71,769,727,200.809
1777237409.385520,10.10.1.100:39840,0,13,143,132,200.934
1777237409.447765,10.10.1.100:46448,0,71,771,727,200.924
1777237409.448593,10.10.1.100:39840,0,13,143,132,200.791
1777237409.515639,10.10.1.100:46448,0,71,774,727,200.95
1777237409.516739,10.10.1.100:39840,0,13,144,132,200.8
1777237409.584106,10.10.1.100:46448,0,71,779,727,200.91
1777237409.585043,10.10.1.100:39840,0,13,144,132,200.848
1777237409.723526,10.10.1.100:46448,0,71,781,727,200.858
1777237409.726086,10.10.1.100:39840,0,13,144,132,200.731
1777237409.886017,10.10.1.100:46448,0,71,790,727,200.814
1777237409.889220,10.10.1.100:39840,0,13,145,132,200.837
1777237410.048936,10.10.1.100:46448,0,71,797,727,201.185
1777237410.049870,10.10.1.100:39840,0,13,146,132,201.272
1777237410.119208,10.10.1.100:46448,0,71,802,727,200.914
1777237410.120128,10.10.1.100:39840,0,13,147,132,200.819
1777237410.186815,10.10.1.100:46448,0,71,806,727,200.915
1777237410.187661,10.10.1.100:39840,0,13,147,132,200.781
1777237410.250544,10.10.1.100:46448,0,71,808,727,200.814
1777237410.251393,10.10.1.100:39840,0,13,147,132,200.811
1777237410.318355,10.10.1.100:46448,0,71,810,727,201.119
1777237410.319340,10.10.1.100:39840,0,13,148,132,200.793
1777237410.384739,10.10.1.100:46448,0,71,813,727,200.927
1777237410.385559,10.10.1.100:39840,0,13,148,132,200.796
1777237410.448286,10.10.1.100:46448,0,71,815,727,200.772
1777237410.449143,10.10.1.100:39840,0,13,148,132,200.753
1777237410.514925,10.10.1.100:46448,0,71,817,727,201.036
1777237410.515987,10.10.1.100:39840,0,13,149,132,200.736
1777237410.582613,10.10.1.100:46448,0,71,820,727,200.846
1777237410.583461,10.10.1.100:39840,0,13,149,132,200.692
1777237410.648889,10.10.1.100:46448,0,71,822,727,200.789
1777237410.650981,10.10.1.100:39840,0,13,149,132,200.856
1777237410.819400,10.10.1.100:46448,0,71,825,727,200.794
1777237410.822586,10.10.1.100:39840,0,13,150,132,200.959
1777237411.028445,10.10.1.100:46448,0,71,831,727,201.105
1777237411.030814,10.10.1.100:39840,0,13,151,132,201.024
1777237411.106181,10.10.1.100:46448,0,71,837,727,201.174
1777237411.107224,10.10.1.100:39840,0,13,152,132,200.877
1777237411.176505,10.10.1.100:46448,0,71,839,727,200.954
1777237411.177354,10.10.1.100:39840,0,13,152,132,200.799
1777237411.238403,10.10.1.100:46448,0,71,841,727,200.9
1777237411.239569,10.10.1.100:39840,0,13,152,132,200.813
1777237411.411389,10.10.1.100:46448,0,71,842,727,201.028
1777237411.414060,10.10.1.100:39840,0,13,153,132,200.942
1777237411.562627,10.10.1.100:46448,0,71,847,727,200.99
1777237411.563688,10.10.1.100:39840,0,13,154,132,200.713
1777237411.625150,10.10.1.100:46448,0,71,851,727,200.925
1777237411.626091,10.10.1.100:39840,0,13,154,132,200.81
1777237411.689749,10.10.1.100:46448,0,71,852,727,200.854
1777237411.690789,10.10.1.100:39840,0,13,154,132,200.873
1777237411.763545,10.10.1.100:46448,0,71,853,727,200.786
1777237411.764564,10.10.1.100:39840,0,13,155,132,200.739
1777237411.830862,10.10.1.100:46448,0,71,855,727,200.987
1777237411.831867,10.10.1.100:39840,0,13,155,132,200.839
1777237412.031852,10.10.1.100:46448,0,71,856,727,200.93
1777237412.035221,10.10.1.100:39840,0,13,156,132,200.958
1777237412.183740,10.10.1.100:46448,0,71,860,727,200.925
1777237412.184645,10.10.1.100:39840,0,13,157,132,200.957
1777237412.248007,10.10.1.100:46448,0,71,863,727,201.014
1777237412.249051,10.10.1.100:39840,0,13,157,132,200.89
1777237412.313425,10.10.1.100:46448,0,71,864,727,201.06
1777237412.314487,10.10.1.100:39840,0,13,158,132,201.034
1777237412.380784,10.10.1.100:46448,0,71,865,727,200.996
1777237412.381759,10.10.1.100:39840,0,13,158,132,200.834
1777237412.441539,10.10.1.100:46448,0,71,866,727,201.015
1777237412.442533,10.10.1.100:39840,0,13,158,132,200.864
1777237412.507229,10.10.1.100:46448,0,71,867,727,200.971
1777237412.508241,10.10.1.100:39840,0,13,159,132,200.795
1777237412.575608,10.10.1.100:46448,0,71,868,727,200.83
1777237412.576563,10.10.1.100:39840,0,13,159,132,200.963
1777237412.636638,10.10.1.100:46448,0,71,869,727,200.951
1777237412.637582,10.10.1.100:39840,0,13,159,132,200.844
1777237412.703145,10.10.1.100:46448,0,71,869,727,200.961
1777237412.704116,10.10.1.100:39840,0,13,159,132,200.844
1777237412.773183,10.10.1.100:46448,0,71,870,727,200.994
1777237412.774216,10.10.1.100:39840,0,13,160,132,200.937
1777237412.836243,10.10.1.100:46448,0,71,871,727,200.965
1777237412.837065,10.10.1.100:39840,0,13,160,132,200.745
1777237412.902365,10.10.1.100:46448,0,71,872,727,200.909
1777237412.903367,10.10.1.100:39840,0,13,160,132,200.827
1777237413.057328,10.10.1.100:46448,0,71,873,727,200.954
1777237413.059382,10.10.1.100:39840,0,13,161,132,201.256
1777237413.246061,10.10.1.100:46448,0,71,874,727,201.112
1777237413.249841,10.10.1.100:39840,0,13,162,132,201.086
1777237413.344842,10.10.1.100:46448,0,71,876,727,201.117
1777237413.346129,10.10.1.100:39840,0,13,163,132,200.895
1777237413.512472,10.10.1.100:46448,0,71,877,727,200.845
1777237413.515538,10.10.1.100:39840,0,13,163,132,200.925
1777237413.597291,10.10.1.100:46448,0,71,878,727,200.962
1777237413.598257,10.10.1.100:39840,0,13,164,132,200.912
1777237413.769772,10.10.1.100:46448,0,71,879,727,200.928
1777237413.772695,10.10.1.100:39840,0,13,164,132,200.828
1777237413.844784,10.10.1.100:46448,0,71,880,727,200.913
1777237413.845693,10.10.1.100:39840,0,13,165,132,200.71
1777237413.953809,10.10.1.100:46448,0,71,880,727,200.959
1777237413.957125,10.10.1.100:39840,0,13,165,132,200.988
1777237414.076765,10.10.1.100:46448,0,71,881,727,200.979
1777237414.079729,10.10.1.100:39840,0,13,166,132,200.836
1777237414.269351,10.10.1.100:46448,0,71,881,727,201.345
1777237414.271587,10.10.1.100:39840,0,13,167,132,201.283
1777237414.352381,10.10.1.100:46448,0,71,882,727,200.974
1777237414.353463,10.10.1.100:39840,0,13,168,132,200.832
1777237414.417508,10.10.1.100:46448,0,71,882,727,201.035
1777237414.418460,10.10.1.100:39840,0,13,168,132,200.908
1777237414.506082,10.10.1.100:46448,0,71,883,727,201.1
1777237414.509010,10.10.1.100:39840,0,13,168,132,200.863
1777237414.718313,10.10.1.100:46448,0,71,883,727,200.998
1777237414.721334,10.10.1.100:39840,0,13,169,132,200.919
1777237414.918220,10.10.1.100:46448,0,71,883,727,201.003
1777237414.919343,10.10.1.100:39840,0,13,170,132,200.947
1777237414.992251,10.10.1.100:46448,0,71,883,727,201.245
1777237414.993242,10.10.1.100:39840,0,13,171,132,200.942
1777237415.088927,10.10.1.100:46448,0,71,883,727,201.17
1777237415.091670,10.10.1.100:39840,0,13,171,132,200.993
1777237415.205653,10.10.1.100:46448,0,71,883,727,201.01
1777237415.206615,10.10.1.100:39840,0,13,172,132,200.931
1777237415.271556,10.10.1.100:46448,0,71,883,727,201.274
1777237415.272561,10.10.1.100:39840,0,13,172,132,200.898
1777237415.422691,10.10.1.100:46448,0,71,883,727,200.867
1777237415.425589,10.10.1.100:39840,0,13,173,132,200.782
1777237415.642981,10.10.1.100:46448,0,71,883,727,201.012
1777237415.646594,10.10.1.100:39840,0,13,173,132,200.794
1777237415.859643,10.10.1.100:46448,0,71,883,727,201.015
1777237415.862757,10.10.1.100:39840,0,13,175,132,200.813
1777237416.079611,10.10.1.100:46448,0,71,883,727,201.036
1777237416.082260,10.10.1.100:39840,0,13,176,132,200.866
1777237416.266840,10.10.1.100:46448,0,71,883,727,201.046
1777237416.269509,10.10.1.100:39840,0,13,177,132,200.927
1777237416.348886,10.10.1.100:46448,0,71,883,727,200.996
1777237416.349884,10.10.1.100:39840,0,13,177,132,200.778
1777237416.414695,10.10.1.100:46448,0,71,883,727,201.055
1777237416.415523,10.10.1.100:39840,0,13,178,132,201.101
1777237416.485020,10.10.1.100:46448,0,71,883,727,200.91
1777237416.486027,10.10.1.100:39840,0,13,178,132,200.854
1777237416.557249,10.10.1.100:46448,0,71,883,727,201.153
1777237416.558275,10.10.1.100:39840,0,13,179,132,200.885
1777237416.633432,10.10.1.100:46448,0,71,883,727,200.857
1777237416.636370,10.10.1.100:39840,0,13,179,132,201.079
1777237416.728100,10.10.1.100:46448,0,71,883,727,200.949
1777237416.729422,10.10.1.100:39840,0,13,179,132,200.832
1777237416.808195,10.10.1.100:46448,0,71,883,727,200.949
1777237416.809027,10.10.1.100:39840,0,13,180,132,200.813
1777237416.871599,10.10.1.100:46448,0,71,883,727,200.906
1777237416.872558,10.10.1.100:39840,0,13,180,132,201.001
1777237417.043323,10.10.1.100:46448,0,71,883,727,201.111
1777237417.044500,10.10.1.100:39840,0,13,181,132,200.853
1777237417.236724,10.10.1.100:46448,0,71,883,727,200.95
1777237417.239294,10.10.1.100:39840,0,13,181,132,200.662
1777237417.340334,10.10.1.100:46448,0,71,884,727,201.055
1777237417.341481,10.10.1.100:39840,0,13,182,132,200.753
1777237417.411249,10.10.1.100:46448,0,71,884,727,201.015
1777237417.412230,10.10.1.100:39840,0,13,183,132,201.061
1777237417.475081,10.10.1.100:46448,0,71,884,727,200.907
1777237417.476250,10.10.1.100:39840,0,13,183,132,200.784
1777237417.551031,10.10.1.100:46448,0,71,885,727,201.187
1777237417.552172,10.10.1.100:39840,0,13,183,132,200.905
1777237417.618339,10.10.1.100:46448,0,71,885,727,201.041
1777237417.619328,10.10.1.100:39840,0,13,184,132,200.9
1777237417.684660,10.10.1.100:46448,0,71,885,727,200.996
1777237417.685512,10.10.1.100:39840,0,13,184,132,200.723
1777237417.862129,10.10.1.100:46448,0,71,885,727,201.008
1777237417.864644,10.10.1.100:39840,0,13,184,132,200.791
1777237418.041363,10.10.1.100:46448,0,71,887,727,200.962
1777237418.042413,10.10.1.100:39840,0,13,186,132,200.919
1777237418.110828,10.10.1.100:46448,0,71,887,727,201.231
1777237418.111866,10.10.1.100:39840,0,13,186,132,201.081
1777237418.183333,10.10.1.100:46448,0,71,888,727,200.965
1777237418.184241,10.10.1.100:39840,0,13,187,132,200.912
1777237418.245549,10.10.1.100:46448,0,71,888,727,200.88
1777237418.246598,10.10.1.100:39840,0,13,187,132,200.926
1777237418.311653,10.10.1.100:46448,0,71,888,727,200.905
1777237418.312673,10.10.1.100:39840,0,13,187,132,200.957
1777237418.384291,10.10.1.100:46448,0,71,889,727,200.94
1777237418.385329,10.10.1.100:39840,0,13,188,132,200.759
1777237418.478913,10.10.1.100:46448,0,71,889,727,200.814
1777237418.481886,10.10.1.100:39840,0,13,188,132,200.775
1777237418.688980,10.10.1.100:46448,0,71,890,727,201.318
1777237418.691423,10.10.1.100:39840,0,13,189,132,201.082
1777237418.896221,10.10.1.100:46448,0,71,892,727,200.853
1777237418.898451,10.10.1.100:39840,0,13,190,132,201.07
1777237419.091047,10.10.1.100:46448,0,71,894,727,200.918
1777237419.093345,10.10.1.100:39840,0,13,191,132,201.032
1777237419.281871,10.10.1.100:46448,0,71,896,727,200.973
1777237419.283541,10.10.1.100:39840,0,13,192,132,200.859
1777237419.354068,10.10.1.100:46448,0,71,898,727,200.982
1777237419.355134,10.10.1.100:39840,0,13,192,132,200.803
1777237419.421133,10.10.1.100:46448,0,71,900,727,201.022
1777237419.422025,10.10.1.100:39840,0,13,193,132,201.072
1777237419.485610,10.10.1.100:46448,0,71,900,727,201.107
1777237419.486518,10.10.1.100:39840,0,13,193,132,200.97
1777237419.552720,10.10.1.100:46448,0,71,901,727,200.991
1777237419.553749,10.10.1.100:39840,0,13,193,132,200.702
1777237419.619761,10.10.1.100:46448,0,71,902,727,200.933
1777237419.620586,10.10.1.100:39840,0,13,194,132,200.775
1777237419.687072,10.10.1.100:46448,0,71,903,727,201.234
1777237419.688163,10.10.1.100:39840,0,13,194,132,201.043
1777237419.768278,10.10.1.100:46448,0,71,904,727,200.901
1777237419.769369,10.10.1.100:39840,0,13,194,132,200.751
1777237419.848416,10.10.1.100:46448,0,71,906,727,201.28
1777237419.851217,10.10.1.100:39840,0,13,195,132,200.892
1777237420.073282,10.10.1.100:46448,0,71,908,727,200.872
1777237420.076328,10.10.1.100:39840,0,13,195,132,201.249
1777237420.204138,10.10.1.100:46448,0,71,912,727,201.6
1777237420.205391,10.10.1.100:39840,0,13,196,132,201.46
1777237420.271751,10.10.1.100:46448,0,71,915,727,201.15
1777237420.272923,10.10.1.100:39840,0,13,197,132,201.416
1777237420.340869,10.10.1.100:46448,0,71,916,727,201.072
1777237420.342044,10.10.1.100:39840,0,13,197,132,200.952
1777237420.416583,10.10.1.100:46448,0,71,918,727,201.296
1777237420.417723,10.10.1.100:39840,0,13,198,132,201.272
1777237420.480913,10.10.1.100:46448,0,71,920,727,201.102
1777237420.482124,10.10.1.100:39840,0,13,198,132,201.279
1777237420.549059,10.10.1.100:46448,0,71,921,727,201.101
1777237420.550063,10.10.1.100:39840,0,13,198,132,200.694
1777237420.626009,10.10.1.100:46448,0,71,923,727,201.024
1777237420.626979,10.10.1.100:39840,0,13,199,132,200.861
1777237420.717973,10.10.1.100:46448,0,71,925,727,201.206
1777237420.719142,10.10.1.100:39840,0,13,199,132,201.105
1777237420.799346,10.10.1.100:46448,0,71,927,727,200.999
1777237420.801085,10.10.1.100:39840,0,13,200,132,200.963
1777237420.905374,10.10.1.100:46448,0,71,930,727,201.243
1777237420.906716,10.10.1.100:39840,0,13,200,132,201.007
1777237420.980395,10.10.1.100:46448,0,71,932,727,200.923
1777237420.981386,10.10.1.100:39840,0,13,200,132,200.895
1777237421.052212,10.10.1.100:46448,0,71,935,727,201.854
1777237421.053164,10.10.1.100:39840,0,13,201,132,202.155
1777237421.246074,10.10.1.100:46448,0,71,938,727,201.003
1777237421.248484,10.10.1.100:39840,0,13,201,132,201.96
1777237421.341213,10.10.1.100:46448,0,71,944,727,201.015
1777237421.342515,10.10.1.100:39840,0,13,202,132,201.295
1777237421.414764,10.10.1.100:46448,0,71,947,727,201.424
1777237421.415941,10.10.1.100:39840,0,13,203,132,201.024
1777237421.480379,10.10.1.100:46448,0,71,950,727,201.679
1777237421.481589,10.10.1.100:39840,0,13,203,132,201.448
1777237421.552340,10.10.1.100:46448,0,71,952,727,200.945
1777237421.553469,10.10.1.100:39840,0,13,203,132,200.813
1777237421.623962,10.10.1.100:46448,0,71,954,727,200.943
1777237421.625164,10.10.1.100:39840,0,13,204,132,200.944
1777237421.691216,10.10.1.100:46448,0,71,958,727,201.793
1777237421.692344,10.10.1.100:39840,0,13,204,132,201.494
1777237421.761329,10.10.1.100:46448,0,71,959,727,200.994
1777237421.762560,10.10.1.100:39840,0,13,204,132,200.765
1777237421.832390,10.10.1.100:46448,0,71,962,727,201.01
1777237421.833679,10.10.1.100:39840,0,13,205,132,200.905
1777237421.983777,10.10.1.100:46448,0,71,966,727,202.707
1777237421.987077,10.10.1.100:39840,0,13,205,132,202.463
1777237422.087526,10.10.1.100:46448,0,71,974,727,201.652
1777237422.088577,10.10.1.100:39840,0,13,206,132,201.515
1777237422.157514,10.10.1.100:46448,0,71,976,727,200.956
1777237422.158744,10.10.1.100:39840,0,13,206,132,200.843
1777237422.279189,10.10.1.100:46448,0,71,980,727,201.02
1777237422.282604,10.10.1.100:39840,0,13,207,132,200.966
1777237422.507624,10.10.1.100:46448,0,71,987,727,201.072
1777237422.509782,10.10.1.100:39840,0,13,207,132,200.757
1777237422.598377,10.10.1.100:46448,0,71,998,727,200.991
1777237422.599355,10.10.1.100:39840,0,13,208,132,200.729
1777237422.666821,10.10.1.100:46448,0,71,1002,727,201.411
1777237422.667824,10.10.1.100:39840,0,13,209,132,201.127
1777237422.734911,10.10.1.100:46448,0,71,1006,727,200.917
1777237422.736001,10.10.1.100:39840,0,13,209,132,200.745
1777237422.866920,10.10.1.100:46448,0,71,1009,727,201.472
1777237422.869631,10.10.1.100:39840,0,13,210,132,201.218
1777237423.094514,10.10.1.100:46448,0,71,1018,727,201.026
1777237423.097718,10.10.1.100:39840,0,13,210,132,200.749
1777237423.295174,10.10.1.100:46448,0,71,1032,727,200.991
1777237423.296449,10.10.1.100:39840,0,13,211,132,200.924
1777237423.367302,10.10.1.100:46448,0,71,1043,727,200.997
1777237423.368380,10.10.1.100:39840,0,13,212,132,200.847
1777237423.441533,10.10.1.100:46448,0,71,1048,727,200.943
1777237423.442769,10.10.1.100:39840,0,13,213,132,201.173
1777237423.513609,10.10.1.100:46448,0,71,1054,727,201.852
1777237423.514475,10.10.1.100:39840,0,13,213,132,201.498
1777237423.612282,10.10.1.100:46448,0,71,1057,727,200.968
1777237423.615104,10.10.1.100:39840,0,13,213,132,200.75
1777237423.792843,10.10.1.100:46448,0,71,1068,727,201.773
1777237423.794266,10.10.1.100:39840,0,13,214,132,201.289
1777237423.930852,10.10.1.100:46448,0,71,1079,727,201.052
1777237423.934383,10.10.1.100:39840,0,13,215,132,201.186
1777237424.153590,10.10.1.100:46448,0,71,1091,727,201.024
1777237424.156788,10.10.1.100:39840,0,13,216,132,201.396
1777237424.378580,10.10.1.100:46448,0,71,1110,727,201.146
1777237424.381815,10.10.1.100:39840,0,13,217,132,201.258
1777237424.553235,10.10.1.100:46448,0,71,1129,727,201.002
1777237424.554553,10.10.1.100:39840,0,13,218,132,201.292
1777237424.628337,10.10.1.100:46448,0,71,1141,727,201.303
1777237424.629342,10.10.1.100:39840,0,13,219,132,201.044
1777237424.696804,10.10.1.100:46448,0,71,1148,727,201.036
1777237424.697889,10.10.1.100:39840,0,13,219,132,201.171
1777237424.769877,10.10.1.100:46448,0,71,1154,727,201.097
1777237424.771015,10.10.1.100:39840,0,13,219,132,200.858
1777237424.846721,10.10.1.100:46448,0,71,1161,727,201.311
1777237424.847799,10.10.1.100:39840,0,13,220,132,201.178
1777237425.063258,10.10.1.100:46448,0,71,1170,727,200.904
1777237425.066746,10.10.1.100:39840,0,13,220,132,200.822
1777237425.305383,10.10.1.100:46448,0,71,1193,727,201.233
1777237425.309299,10.10.1.100:39840,0,13,221,132,201.148
1777237425.531679,10.10.1.100:46448,0,71,1218,727,201.209
1777237425.535152,10.10.1.100:39840,0,13,223,132,201.224
1777237425.691735,10.10.1.100:46448,0,71,1242,727,201.342
1777237425.692890,10.10.1.100:39840,0,13,224,132,201.289
1777237425.825886,10.10.1.100:46448,0,71,1258,727,201.204
1777237425.829166,10.10.1.100:39840,0,13,224,132,201.228
1777237426.061506,10.10.1.100:46448,0,71,1278,727,201.142
1777237426.066111,10.10.1.100:39840,0,13,225,132,201.891
1777237426.291178,10.10.1.100:46448,0,71,1307,727,201.48
1777237426.292439,10.10.1.100:39840,0,13,226,132,201.117
1777237426.366627,10.10.1.100:46448,0,71,1331,727,201.157
1777237426.367751,10.10.1.100:39840,0,13,227,132,201.269
1777237426.441805,10.10.1.100:46448,0,71,1339,727,201.877
1777237426.442906,10.10.1.100:39840,0,13,228,132,201.545
1777237426.636466,10.10.1.100:46448,0,71,1350,727,201.819
1777237426.640619,10.10.1.100:39840,0,13,228,132,201.827
1777237426.884061,10.10.1.100:46448,0,71,1383,727,202.174
1777237426.888078,10.10.1.100:39840,0,13,229,132,202.648
1777237427.059330,10.10.1.100:46448,0,71,1416,727,202.034
1777237427.061870,10.10.1.100:39840,0,13,230,132,201.669
1777237427.171201,10.10.1.100:46448,0,71,1438,727,202.312
1777237427.173100,10.10.1.100:39840,0,13,231,132,202.524
1777237427.301342,10.10.1.100:46448,0,71,1455,727,203.192
1777237427.302750,10.10.1.100:39840,0,13,232,132,202.818
1777237427.379851,10.10.1.100:46448,0,71,1475,727,202.403
1777237427.383401,10.10.1.100:39840,0,13,232,132,202.63
1777237427.650236,10.10.1.100:46448,0,71,1484,727,203.438
1777237427.653123,10.10.1.100:39840,0,13,233,132,203.502
1777237427.889535,10.10.1.100:46448,0,71,1484,727,203.063
1777237427.892489,10.10.1.100:39840,0,13,234,132,203.221
1777237428.168050,10.10.1.100:46448,0,71,1484,727,202.757
1777237428.171841,10.10.1.100:39840,0,13,235,132,203.009
1777237428.472640,10.10.1.100:46448,0,71,1484,727,205.021
1777237428.476855,10.10.1.100:39840,0,13,237,132,204.974
1777237428.680516,10.10.1.100:46448,0,71,1484,727,203.961
1777237428.681691,10.10.1.100:39840,0,13,238,132,204.495
1777237428.805386,10.10.1.100:46448,0,71,1484,727,203.541
1777237428.808720,10.10.1.100:39840,0,13,239,132,203.807
1777237429.054812,10.10.1.100:46448,0,71,1484,727,203.386
1777237429.058231,10.10.1.100:39840,0,13,240,132,203.358
1777237429.290748,10.10.1.100:46448,0,71,1484,727,202.472
1777237429.292135,10.10.1.100:39840,0,13,241,132,202.569
1777237429.370363,10.10.1.100:46448,0,71,1484,727,203.388
1777237429.371501,10.10.1.100:39840,0,13,242,132,203.755
1777237429.488830,10.10.1.100:46448,0,71,1484,727,203.025
1777237429.492268,10.10.1.100:39840,0,13,242,132,202.982
1777237429.752851,10.10.1.100:46448,0,71,1484,727,203.477
1777237429.757096,10.10.1.100:39840,0,13,243,132,203.527
1777237429.939568,10.10.1.100:46448,0,71,1484,727,203.678
1777237429.940877,10.10.1.100:39840,0,13,244,132,203.88
1777237430.191308,10.10.1.100:46448,0,71,1484,727,202.827
1777237430.194230,10.10.1.100:39840,0,13,245,132,202.993
1777237430.448309,10.10.1.100:46448,0,71,1484,727,202.712
1777237430.451484,10.10.1.100:39840,0,13,246,132,202.759
1777237430.578237,10.10.1.100:46448,0,71,1567,727,202.981
1777237430.579487,10.10.1.100:39840,0,13,248,132,203.492
1777237430.663775,10.10.1.100:46448,0,71,1824,727,202.856
1777237430.664952,10.10.1.100:39840,0,13,248,132,202.92
1777237430.840922,10.10.1.100:46448,0,71,1933,727,202.332
1777237430.845262,10.10.1.100:39840,0,13,248,132,202.672
1777237431.120651,10.10.1.100:46448,0,71,1933,727,203.275
1777237431.125799,10.10.1.100:39840,0,13,250,132,203.573
1777237431.397261,10.10.1.100:46448,0,71,1933,727,203.288
1777237431.402359,10.10.1.100:39840,0,13,251,132,203.878
1777237431.650937,10.10.1.100:46448,0,71,1933,727,203.196
1777237431.654273,10.10.1.100:39840,0,13,252,132,203.406
1777237431.943504,10.10.1.100:46448,0,71,1933,727,203.327
1777237431.946429,10.10.1.100:39840,0,13,253,132,203.119
1777237432.163952,10.10.1.100:46448,0,71,1933,727,202.847
1777237432.167171,10.10.1.100:39840,0,13,255,132,203.221
1777237432.414496,10.10.1.100:46448,0,71,1933,727,202.977
1777237432.417218,10.10.1.100:39840,0,13,256,132,203.784
1777237432.591497,10.10.1.100:46448,6,77,1363,1353,209.127
1777237432.593783,10.10.1.100:39840,1,14,235,128,209.163
1777237432.710121,10.10.1.100:46448,0,77,1354,1353,202.429
1777237432.711217,10.10.1.100:39840,0,14,128,128,205.973
1777237432.778989,10.10.1.100:46448,0,77,1364,1353,201.315
1777237432.779925,10.10.1.100:39840,0,14,128,128,201.455
1777237432.842167,10.10.1.100:46448,0,77,1364,1353,201.315
1777237432.843218,10.10.1.100:39840,0,14,128,128,201.007
1777237432.915534,10.10.1.100:46448,0,77,1364,1353,202.205
1777237432.916940,10.10.1.100:39840,0,14,129,128,202.282
1777237433.102796,10.10.1.100:46448,0,77,1364,1353,202.036
1777237433.106142,10.10.1.100:39840,0,14,129,128,202.282
1777237433.218277,10.10.1.100:46448,0,77,1407,1353,202.322
1777237433.219308,10.10.1.100:39840,0,14,130,128,202.221
1777237433.288906,10.10.1.100:46448,0,77,1422,1353,202.279
1777237433.290016,10.10.1.100:39840,0,14,130,128,201.629
1777237433.366444,10.10.1.100:46448,0,77,1439,1353,202.628
1777237433.367508,10.10.1.100:39840,0,14,131,128,202.44
1777237433.444001,10.10.1.100:46448,0,77,1454,1353,202.625
1777237433.445409,10.10.1.100:39840,0,14,131,128,202.666
1777237433.650751,10.10.1.100:46448,0,77,1466,1353,202.029
1777237433.655199,10.10.1.100:39840,0,14,132,128,201.913
1777237433.900997,10.10.1.100:46448,0,77,1502,1353,202.211
1777237433.904087,10.10.1.100:39840,0,14,133,128,202.371
1777237434.008017,10.10.1.100:46448,0,77,1529,1353,202.547
1777237434.011254,10.10.1.100:39840,0,14,134,128,202.422
1777237434.190234,10.10.1.100:46448,0,77,1545,1353,201.374
1777237434.191340,10.10.1.100:39840,0,14,135,128,201.435
1777237434.265290,10.10.1.100:46448,0,77,1562,1353,202.52
1777237434.266365,10.10.1.100:39840,0,14,135,128,202.419
1777237434.339079,10.10.1.100:46448,0,77,1568,1353,202.407
1777237434.340160,10.10.1.100:39840,0,14,136,128,202.551
1777237434.425246,10.10.1.100:46448,0,77,1568,1353,202.601
1777237434.426367,10.10.1.100:39840,0,14,136,128,202.536
1777237434.610197,10.10.1.100:46448,0,77,1568,1353,202.614
1777237434.614996,10.10.1.100:39840,0,14,136,128,202.45
1777237434.811341,10.10.1.100:46448,0,77,1568,1353,204.308
1777237434.812817,10.10.1.100:39840,0,14,138,128,204.467
1777237434.894305,10.10.1.100:46448,0,77,1568,1353,203.102
1777237434.895516,10.10.1.100:39840,0,14,138,128,203.368
1777237434.975188,10.10.1.100:46448,0,77,1568,1353,203.188
1777237434.976408,10.10.1.100:39840,0,14,139,128,203.35
1777237435.069742,10.10.1.100:46448,0,77,1568,1353,203.072
1777237435.072173,10.10.1.100:39840,0,14,139,128,203.279
1777237435.347890,10.10.1.100:46448,0,77,1599,1353,202.961
1777237435.351866,10.10.1.100:39840,0,14,140,128,203.057
1777237435.618973,10.10.1.100:46448,0,77,1640,1353,202.699
1777237435.621859,10.10.1.100:39840,0,14,141,128,203.09
1777237435.814236,10.10.1.100:46448,3,80,1362,1148,208.742
1777237435.816671,10.10.1.100:39840,1,15,115,71,208.539
1777237435.945567,10.10.1.100:46448,0,80,1149,1148,201.001
1777237435.946790,10.10.1.100:39840,0,15,71,71,204.148
1777237436.140870,10.10.1.100:46448,0,80,1153,1148,201.031
1777237436.144014,10.10.1.100:39840,0,15,71,71,204.673
1777237436.350350,10.10.1.100:46448,0,80,1176,1148,204.45
1777237436.354658,10.10.1.100:39840,0,15,72,71,203.948
1777237436.595969,10.10.1.100:46448,0,80,1193,1148,202.111
1777237436.599178,10.10.1.100:39840,0,15,74,71,201.563
1777237436.707602,10.10.1.100:46448,0,80,1209,1148,202.118
1777237436.708733,10.10.1.100:39840,0,15,75,71,201.44
1777237436.781057,10.10.1.100:46448,0,80,1217,1148,202.01
1777237436.782354,10.10.1.100:39840,0,15,75,71,202.806
1777237436.968580,10.10.1.100:46448,0,80,1223,1148,202.468
1777237436.971613,10.10.1.100:39840,0,15,76,71,202.34
1777237437.163107,10.10.1.100:46448,0,80,1237,1148,202.387
1777237437.164505,10.10.1.100:39840,0,15,77,71,202.071
1777237437.312102,10.10.1.100:46448,0,80,1248,1148,202.417
1777237437.315124,10.10.1.100:39840,0,15,77,71,202.068
1777237437.444303,10.10.1.100:46448,0,80,1258,1148,201.918
1777237437.445192,10.10.1.100:39840,0,15,78,71,202.071
1777237437.521499,10.10.1.100:46448,0,80,1262,1148,201.135
1777237437.522646,10.10.1.100:39840,0,15,79,71,201.971
1777237437.635124,10.10.1.100:46448,0,80,1268,1148,202.014
1777237437.637515,10.10.1.100:39840,0,15,79,71,201.808
1777237437.849071,10.10.1.100:46448,0,80,1275,1148,201.179
1777237437.851375,10.10.1.100:39840,0,15,80,71,201.847
1777237438.042537,10.10.1.100:46448,0,80,1287,1148,201.304
1777237438.043563,10.10.1.100:39840,0,15,81,71,201.366
1777237438.116522,10.10.1.100:46448,0,80,1294,1148,201.181
1777237438.117611,10.10.1.100:39840,0,15,82,71,201.205
1777237438.189987,10.10.1.100:46448,0,80,1298,1148,201.618
1777237438.190977,10.10.1.100:39840,0,15,82,71,201.179
1777237438.364974,10.10.1.100:46448,0,80,1302,1148,201.879
1777237438.369791,10.10.1.100:39840,0,15,82,71,202.322
1777237438.545358,10.10.1.100:46448,0,80,1311,1148,202.15
1777237438.546614,10.10.1.100:39840,0,15,83,71,202.003
1777237438.623169,10.10.1.100:46448,0,80,1317,1148,201.659
1777237438.624667,10.10.1.100:39840,0,15,84,71,201.509
1777237438.799201,10.10.1.100:46448,0,80,1320,1148,202.097
1777237438.800282,10.10.1.100:39840,0,15,85,71,201.578
1777237438.865460,10.10.1.100:46448,0,80,1327,1148,202.582
1777237438.866459,10.10.1.100:39840,0,15,85,71,203.232
1777237438.936388,10.10.1.100:46448,0,80,1329,1148,201.236
1777237438.937463,10.10.1.100:39840,0,15,86,71,201.676
1777237439.014965,10.10.1.100:46448,0,80,1332,1148,201.81
1777237439.016201,10.10.1.100:39840,0,15,86,71,202.12
1777237439.083523,10.10.1.100:46448,0,80,1334,1148,201.463
1777237439.084523,10.10.1.100:39840,0,15,86,71,201.615
1777237439.157888,10.10.1.100:46448,0,80,1336,1148,201.083
1777237439.158916,10.10.1.100:39840,0,15,87,71,201.081
1777237439.231649,10.10.1.100:46448,0,80,1339,1148,201.168
1777237439.232762,10.10.1.100:39840,0,15,87,71,201.258
1777237439.300564,10.10.1.100:46448,0,80,1341,1148,201.821
1777237439.301688,10.10.1.100:39840,0,15,88,71,201.307
1777237439.374866,10.10.1.100:46448,0,80,1343,1148,201.104
1777237439.376031,10.10.1.100:39840,0,15,88,71,201.055
1777237439.451955,10.10.1.100:46448,0,80,1346,1148,201.635
1777237439.452799,10.10.1.100:39840,0,15,88,71,201.429
1777237439.596142,10.10.1.100:46448,0,80,1348,1148,201.084
1777237439.600832,10.10.1.100:39840,0,15,89,71,200.84
1777237439.831687,10.10.1.100:46448,0,80,1353,1148,201.24
1777237439.834611,10.10.1.100:39840,0,15,90,71,200.95
1777237440.021095,10.10.1.100:46448,13,93,1189,949,203.506
1777237440.023892,10.10.1.100:39840,0,15,91,71,202.426
1777237440.177514,10.10.1.100:46448,0,93,953,949,201.047
1777237440.178509,10.10.1.100:39840,0,15,92,71,201.052
1777237440.247049,10.10.1.100:46448,0,93,959,949,201.378
1777237440.248070,10.10.1.100:39840,0,15,92,71,201.177
1777237440.312235,10.10.1.100:46448,11,104,911,673,202.869
1777237440.313172,10.10.1.100:39840,0,15,93,71,201.904
1777237440.373636,10.10.1.100:46448,11,104,771,673,203.313
1777237440.374510,10.10.1.100:39840,0,15,93,71,203.224
1777237440.500956,10.10.1.100:46448,11,104,636,673,202.64
1777237440.504447,10.10.1.100:39840,0,15,93,71,201.842
1777237440.695971,10.10.1.100:46448,0,104,681,673,200.982
1777237440.698820,10.10.1.100:39840,0,15,94,71,201.032
1777237440.813571,10.10.1.100:46448,0,104,693,673,200.933
1777237440.814527,10.10.1.100:39840,0,15,95,71,201.026
1777237440.884556,10.10.1.100:46448,0,104,693,673,200.995
1777237440.885533,10.10.1.100:39840,0,15,95,71,200.986
1777237441.012912,10.10.1.100:46448,0,104,701,673,200.75
1777237441.015381,10.10.1.100:39840,0,15,96,71,201.278
1777237441.188148,10.10.1.100:46448,0,104,706,673,201.305
1777237441.190244,10.10.1.100:39840,0,15,96,71,201.245
1777237441.319914,10.10.1.100:46448,0,104,714,673,206.372
1777237441.320990,10.10.1.100:39840,0,15,97,71,200.939
1777237441.383036,10.10.1.100:46448,0,104,723,673,200.806
1777237441.383877,10.10.1.100:39840,0,15,98,71,200.861
1777237441.489160,10.10.1.100:46448,0,104,723,673,200.796
1777237441.492018,10.10.1.100:39840,0,15,98,71,200.886
1777237441.670691,10.10.1.100:46448,0,104,732,673,200.896
1777237441.673769,10.10.1.100:39840,0,15,99,71,200.899
1777237441.857856,10.10.1.100:46448,0,104,740,673,200.75
1777237441.862951,10.10.1.100:39840,0,15,100,71,201.075
1777237442.041210,10.10.1.100:46448,0,104,747,673,200.887
1777237442.044725,10.10.1.100:39840,0,15,101,71,202.333
1777237442.183516,10.10.1.100:46448,0,104,753,673,201.431
1777237442.184464,10.10.1.100:39840,0,15,102,71,201.282
1777237442.247104,10.10.1.100:46448,0,104,756,673,200.972
1777237442.248203,10.10.1.100:39840,0,15,102,71,201.015
1777237442.320959,10.10.1.100:46448,0,104,758,673,201.385
1777237442.322050,10.10.1.100:39840,0,15,102,71,201.53
1777237442.472503,10.10.1.100:46448,0,104,762,673,200.782
1777237442.476505,10.10.1.100:39840,0,15,103,71,201.081
1777237442.645590,10.10.1.100:46448,0,104,768,673,200.865
1777237442.649040,10.10.1.100:39840,0,15,104,71,201.141
1777237442.800657,10.10.1.100:46448,0,104,772,673,201.42
1777237442.801841,10.10.1.100:39840,0,15,105,71,201.496
1777237442.986176,10.10.1.100:46448,0,104,774,673,201.024
1777237442.988273,10.10.1.100:39840,0,15,105,71,200.922
1777237443.167896,10.10.1.100:46448,0,104,780,673,200.995
1777237443.170097,10.10.1.100:39840,0,15,106,71,201.066
1777237443.340625,10.10.1.100:46448,0,104,784,673,200.915
1777237443.345511,10.10.1.100:39840,0,15,107,71,200.978
1777237443.529051,10.10.1.100:46448,0,104,789,673,200.865
1777237443.531983,10.10.1.100:39840,0,15,108,71,200.955
1777237443.593781,10.10.1.100:46448,0,104,793,673,200.823
1777237443.594696,10.10.1.100:39840,0,15,109,71,200.987
1777237443.656004,10.10.1.100:46448,0,104,793,673,200.921
1777237443.657207,10.10.1.100:39840,0,15,109,71,200.917
1777237443.727713,10.10.1.100:46448,0,104,794,673,200.973
1777237443.728698,10.10.1.100:39840,0,15,109,71,201.043
1777237443.788904,10.10.1.100:46448,0,104,796,673,200.905
1777237443.789723,10.10.1.100:39840,0,15,110,71,201.289
1777237443.849889,10.10.1.100:46448,0,104,796,673,200.864
1777237443.850878,10.10.1.100:39840,0,15,110,71,200.977
1777237443.923038,10.10.1.100:46448,0,104,797,673,200.994
1777237443.924073,10.10.1.100:39840,0,15,110,71,201.109
1777237443.986897,10.10.1.100:46448,0,104,799,673,201.97
1777237443.987863,10.10.1.100:39840,0,15,111,71,201.636
1777237444.056239,10.10.1.100:46448,0,104,800,673,206.165
1777237444.059394,10.10.1.100:39840,0,15,111,71,201.007
1777237444.248478,10.10.1.100:46448,0,104,802,673,201.103
1777237444.252371,10.10.1.100:39840,0,15,111,71,201.088
1777237444.449802,10.10.1.100:46448,0,104,804,673,200.986
1777237444.453469,10.10.1.100:39840,0,15,112,71,200.918
1777237444.577389,10.10.1.100:46448,0,104,806,673,201.179
1777237444.578343,10.10.1.100:39840,0,15,113,71,200.958
1777237444.637809,10.10.1.100:46448,0,104,807,673,200.905
1777237444.638688,10.10.1.100:39840,0,15,114,71,200.968
1777237444.709247,10.10.1.100:46448,0,104,808,673,201.066
1777237444.710331,10.10.1.100:39840,0,15,114,71,200.955
1777237444.778297,10.10.1.100:46448,0,104,809,673,201.447
1777237444.779157,10.10.1.100:39840,0,15,115,71,201.227
1777237444.882412,10.10.1.100:46448,0,104,809,673,200.887
1777237444.887101,10.10.1.100:39840,0,15,115,71,200.985
1777237445.082918,10.10.1.100:46448,0,104,811,673,200.965
1777237445.086326,10.10.1.100:39840,0,15,116,71,200.838
1777237445.288091,10.10.1.100:46448,0,104,812,673,200.856
1777237445.291296,10.10.1.100:39840,0,15,117,71,201.169
1777237445.429135,10.10.1.100:46448,0,104,813,673,201.173
1777237445.430111,10.10.1.100:39840,0,15,118,71,200.975
1777237445.501272,10.10.1.100:46448,0,104,814,673,200.938
1777237445.502381,10.10.1.100:39840,0,15,118,71,201.032
1777237445.569717,10.10.1.100:46448,0,104,814,673,200.881
1777237445.570585,10.10.1.100:39840,0,15,118,71,201.106
1777237445.628434,10.10.1.100:46448,0,104,814,673,201.039
1777237445.629312,10.10.1.100:39840,0,15,119,71,200.964
1777237445.697438,10.10.1.100:46448,0,104,815,673,201.012
1777237445.698510,10.10.1.100:39840,0,15,119,71,200.92
1777237445.767426,10.10.1.100:46448,0,104,815,673,201.147
1777237445.768277,10.10.1.100:39840,0,15,119,71,201.058
1777237445.826259,10.10.1.100:46448,0,104,815,673,200.948
1777237445.827095,10.10.1.100:39840,0,15,120,71,200.892
1777237445.896627,10.10.1.100:46448,0,104,815,673,200.952
1777237445.897655,10.10.1.100:39840,0,15,120,71,200.885
1777237445.970190,10.10.1.100:46448,0,104,816,673,200.912
1777237445.971182,10.10.1.100:39840,0,15,120,71,201.48
1777237446.030715,10.10.1.100:46448,0,104,816,673,200.863
1777237446.031799,10.10.1.100:39840,0,15,121,71,202.089
1777237446.100407,10.10.1.100:46448,0,104,816,673,200.914
1777237446.101576,10.10.1.100:39840,0,15,121,71,201.559
1777237446.171047,10.10.1.100:46448,0,104,817,673,201.579
1777237446.171928,10.10.1.100:39840,0,15,121,71,201.14
1777237446.240406,10.10.1.100:46448,0,104,817,673,200.876
1777237446.242476,10.10.1.100:39840,0,15,122,71,201.167
1777237446.431196,10.10.1.100:46448,0,104,817,673,201.501
1777237446.433265,10.10.1.100:39840,0,15,122,71,201.557
1777237446.570794,10.10.1.100:46448,0,104,817,673,201.345
1777237446.571685,10.10.1.100:39840,0,15,123,71,201.058
1777237446.630110,10.10.1.100:46448,0,104,817,673,200.867
1777237446.631000,10.10.1.100:39840,0,15,124,71,200.94
1777237446.697875,10.10.1.100:46448,0,104,817,673,200.907
1777237446.698967,10.10.1.100:39840,0,15,124,71,200.957
1777237446.769792,10.10.1.100:46448,0,104,817,673,200.949
1777237446.770671,10.10.1.100:39840,0,15,124,71,200.917
1777237446.828998,10.10.1.100:46448,0,104,817,673,201.013
1777237446.830036,10.10.1.100:39840,0,15,125,71,200.973
1777237446.896571,10.10.1.100:46448,0,104,817,673,200.998
1777237446.897628,10.10.1.100:39840,0,15,125,71,200.963
1777237446.970855,10.10.1.100:46448,0,104,817,673,200.975
1777237446.971704,10.10.1.100:39840,0,15,125,71,200.885
1777237447.029666,10.10.1.100:46448,0,104,817,673,200.968
1777237447.030608,10.10.1.100:39840,0,15,126,71,200.849
1777237447.092298,10.10.1.100:46448,0,104,817,673,200.978
1777237447.093227,10.10.1.100:39840,0,15,126,71,201.584
1777237447.158459,10.10.1.100:46448,14,118,716,572,205.167
1777237447.159444,10.10.1.100:39840,0,15,126,71,203.885
1777237447.220998,10.10.1.100:46448,14,118,584,572,203.501
1777237447.221979,10.10.1.100:39840,0,15,127,71,202.911
1777237447.343686,10.10.1.100:46448,14,118,582,572,203.327
1777237447.346674,10.10.1.100:39840,0,15,127,71,201.338
1777237447.519756,10.10.1.100:46448,0,118,585,572,200.943
1777237447.522673,10.10.1.100:39840,0,15,128,71,200.945
1777237447.622346,10.10.1.100:46448,0,118,598,572,200.707
1777237447.624531,10.10.1.100:39840,0,15,128,71,200.841
1777237447.808404,10.10.1.100:46448,0,118,601,572,200.841
1777237447.810587,10.10.1.100:39840,0,15,129,71,200.85
1777237447.941225,10.10.1.100:46448,0,118,616,572,200.87
1777237447.942414,10.10.1.100:39840,0,15,130,71,200.947
1777237448.008023,10.10.1.100:46448,0,118,629,572,200.629
1777237448.008975,10.10.1.100:39840,0,15,131,71,200.57
1777237448.068825,10.10.1.100:46448,0,118,631,572,200.805
1777237448.069892,10.10.1.100:39840,0,15,131,71,201.298
1777237448.140843,10.10.1.100:46448,0,118,635,572,201.264
1777237448.142004,10.10.1.100:39840,0,15,131,71,201.082
1777237448.204644,10.10.1.100:46448,0,118,643,572,200.723
1777237448.205534,10.10.1.100:39840,0,15,131,71,200.827
1777237448.262511,10.10.1.100:46448,0,118,645,572,200.797
1777237448.263539,10.10.1.100:39840,0,15,132,71,200.811
1777237448.334736,10.10.1.100:46448,0,118,647,572,200.77
1777237448.335811,10.10.1.100:39840,0,15,132,71,200.851
1777237448.399980,10.10.1.100:46448,0,118,656,572,200.634
1777237448.400974,10.10.1.100:39840,0,15,132,71,200.68
1777237448.459746,10.10.1.100:46448,0,118,658,572,200.816
1777237448.461724,10.10.1.100:39840,0,15,133,71,200.806
1777237448.642351,10.10.1.100:46448,0,118,664,572,200.726
1777237448.644427,10.10.1.100:39840,0,15,133,71,200.723
1777237448.802390,10.10.1.100:46448,0,118,671,572,200.946
1777237448.804942,10.10.1.100:39840,0,15,134,71,202.841
1777237448.993673,10.10.1.100:46448,0,118,683,572,200.828
1777237448.996163,10.10.1.100:39840,0,15,135,71,200.877
1777237449.084187,10.10.1.100:46448,0,118,694,572,200.821
1777237449.085530,10.10.1.100:39840,0,15,136,71,200.853
1777237449.247845,10.10.1.100:46448,0,118,700,572,201.245
1777237449.249878,10.10.1.100:39840,0,15,136,71,200.935
1777237449.344045,10.10.1.100:46448,0,118,707,572,201.161
1777237449.345113,10.10.1.100:39840,0,15,137,71,203.343
1777237449.409078,10.10.1.100:46448,0,118,713,572,200.81
1777237449.410002,10.10.1.100:39840,0,15,137,71,200.999
1777237449.467089,10.10.1.100:46448,0,118,715,572,200.857
1777237449.468118,10.10.1.100:39840,0,15,138,71,200.91
1777237449.596258,10.10.1.100:46448,0,118,717,572,201.12
1777237449.598601,10.10.1.100:39840,0,15,138,71,203.152
1777237449.701817,10.10.1.100:46448,0,118,724,572,200.994
1777237449.703097,10.10.1.100:39840,0,15,139,71,201.492
1777237449.775584,10.10.1.100:46448,0,118,729,572,201.077
1777237449.776634,10.10.1.100:39840,0,15,139,71,200.98
1777237449.834975,10.10.1.100:46448,0,118,733,572,201.054
1777237449.835868,10.10.1.100:39840,0,15,140,71,200.777
1777237449.898840,10.10.1.100:46448,0,118,733,572,201.039
1777237449.899916,10.10.1.100:39840,0,15,140,71,200.928
1777237449.971405,10.10.1.100:46448,0,118,737,572,200.884
1777237449.972522,10.10.1.100:39840,0,15,140,71,201.028
1777237450.031553,10.10.1.100:46448,0,118,741,572,200.898
1777237450.032424,10.10.1.100:39840,0,15,141,71,200.959
1777237450.096249,10.10.1.100:46448,0,118,742,572,200.94
1777237450.097262,10.10.1.100:39840,0,15,141,71,201.273
1777237450.168058,10.10.1.100:46448,0,118,745,572,201.267
1777237450.169107,10.10.1.100:39840,0,15,141,71,201.255
1777237450.231095,10.10.1.100:46448,0,118,749,572,201.987
1777237450.231963,10.10.1.100:39840,0,15,142,71,204.07
1777237450.321045,10.10.1.100:46448,0,118,749,572,201.764
1777237450.323358,10.10.1.100:39840,0,15,142,71,201.556
1777237450.498401,10.10.1.100:46448,0,118,755,572,200.841
1777237450.501662,10.10.1.100:39840,0,15,142,71,200.78
1777237450.594550,10.10.1.100:46448,0,118,760,572,201.474
1777237450.595491,10.10.1.100:39840,0,15,143,71,201.122
1777237450.653810,10.10.1.100:46448,0,118,763,572,201.166
1777237450.654672,10.10.1.100:39840,0,15,144,71,200.97
1777237450.723248,10.10.1.100:46448,0,118,763,572,201.101
1777237450.724184,10.10.1.100:39840,0,15,144,71,200.941
1777237450.794602,10.10.1.100:46448,0,118,767,572,201.28
1777237450.795633,10.10.1.100:39840,0,15,144,71,200.891
1777237450.852726,10.10.1.100:46448,0,118,769,572,201.348
1777237450.853557,10.10.1.100:39840,0,15,145,71,200.873
1777237450.964372,10.10.1.100:46448,0,118,769,572,201.259
1777237450.968468,10.10.1.100:39840,0,15,145,71,200.934
1777237451.151307,10.10.1.100:46448,0,118,775,572,201.271
1777237451.154727,10.10.1.100:39840,0,15,146,71,200.932
1777237451.224282,10.10.1.100:46448,0,118,779,572,201.12
1777237451.225157,10.10.1.100:39840,0,15,146,71,200.882
1777237451.286937,10.10.1.100:46448,0,118,780,572,201.167
1777237451.288104,10.10.1.100:39840,0,15,147,71,200.965
1777237451.359668,10.10.1.100:46448,0,118,781,572,201.02
1777237451.360837,10.10.1.100:39840,0,15,147,71,200.903
1777237451.424947,10.10.1.100:46448,0,118,784,572,200.894
1777237451.425950,10.10.1.100:39840,0,15,147,71,200.94
1777237451.484077,10.10.1.100:46448,0,118,785,572,201.025
1777237451.485218,10.10.1.100:39840,0,15,148,71,200.803
1777237451.555656,10.10.1.100:46448,0,118,786,572,201.266
1777237451.556912,10.10.1.100:39840,0,15,148,71,200.87
1777237451.757671,10.10.1.100:46448,0,118,789,572,201.191
1777237451.761866,10.10.1.100:39840,0,15,149,71,200.859
1777237451.956275,10.10.1.100:46448,0,118,793,572,201.225
1777237451.959372,10.10.1.100:39840,0,15,150,71,200.822
1777237452.069507,10.10.1.100:46448,0,118,797,572,201.077
1777237452.070819,10.10.1.100:39840,0,15,151,71,200.816
1777237452.255934,10.10.1.100:46448,0,118,798,572,201.347
1777237452.258001,10.10.1.100:39840,0,15,151,71,201.129
1777237452.344084,10.10.1.100:46448,0,118,800,572,201.023
1777237452.345124,10.10.1.100:39840,0,15,152,71,200.873
1777237452.411564,10.10.1.100:46448,0,118,802,572,201.437
1777237452.412385,10.10.1.100:39840,0,15,152,71,201.319
1777237452.467907,10.10.1.100:46448,0,118,803,572,201.506
1777237452.468746,10.10.1.100:39840,0,15,153,71,201.002
1777237452.535179,10.10.1.100:46448,0,118,803,572,206.29
1777237452.536235,10.10.1.100:39840,0,15,153,71,200.951
1777237452.604365,10.10.1.100:46448,0,118,804,572,200.855
1777237452.605188,10.10.1.100:39840,0,15,153,71,201.196
1777237452.661732,10.10.1.100:46448,0,118,805,572,200.954
1777237452.662597,10.10.1.100:39840,0,15,154,71,200.919
1777237452.726903,10.10.1.100:46448,0,118,805,572,200.989
1777237452.727953,10.10.1.100:39840,0,15,154,71,200.916
1777237452.799217,10.10.1.100:46448,0,118,806,572,201.058
1777237452.800325,10.10.1.100:39840,0,15,154,71,201.064
1777237452.858151,10.10.1.100:46448,0,118,807,572,200.951
1777237452.859119,10.10.1.100:39840,0,15,155,71,200.789
1777237452.925162,10.10.1.100:46448,0,118,807,572,201.075
1777237452.926394,10.10.1.100:39840,0,15,155,71,200.801
1777237452.997783,10.10.1.100:46448,0,118,808,572,200.924
1777237452.998920,10.10.1.100:39840,0,15,155,71,200.957
1777237453.057496,10.10.1.100:46448,0,118,809,572,201.002
1777237453.058420,10.10.1.100:39840,0,15,156,71,200.873
1777237453.116441,10.10.1.100:46448,0,118,809,572,200.983
1777237453.117490,10.10.1.100:39840,0,15,156,71,200.878
1777237453.177840,10.10.1.100:46448,0,118,810,572,201.034
1777237453.178878,10.10.1.100:39840,0,15,156,71,200.936
1777237453.235025,10.10.1.100:46448,0,118,811,572,201.008
1777237453.235871,10.10.1.100:39840,0,15,156,71,200.859
1777237453.285140,10.10.1.100:46438,,,10,163,206.247
1777237453.286122,10.10.1.100:46448,0,118,811,572,201.038
1777237453.286909,10.10.1.100:39840,0,15,157,71,200.816
1777237453.530724,10.10.1.100:46438,,,10,163,206.247
1777237453.532556,10.10.1.100:46448,0,118,812,572,200.998
1777237453.533778,10.10.1.100:39840,0,15,157,71,203.188
1777237453.598292,10.10.1.100:39838,,,10,162,206.236
1777237453.599619,10.10.1.100:46438,,,10,167,210.93
1777237453.600705,10.10.1.100:39840,0,15,158,71,200.991
1777237453.656698,10.10.1.100:39838,,,10,162,206.236
1777237453.658393,10.10.1.100:46438,,,10,167,210.93
1777237453.660556,10.10.1.100:39840,0,15,159,71,200.8
1777237453.787659,10.10.1.100:39838,,,10,166,209.154
1777237453.788740,10.10.1.100:46438,,,10,167,210.93
1777237453.842902,10.10.1.100:39838,,,10,166,209.154
1777237453.843916,10.10.1.100:46438,,,10,456,209.654
1777237453.896866,10.10.1.100:39838,,,10,166,209.154
1777237453.897927,10.10.1.100:46438,,,10,456,209.654
1777237453.951797,10.10.1.100:39838,,,10,166,209.154
1777237454.006068,10.10.1.100:39838,,,10,455,213.448
1777237454.060485,10.10.1.100:39838,,,10,455,213.448
1777237454.114295,10.10.1.100:39838,,,10,455,213.448
