1777234933.414430,10.10.1.100:43262,,,10,41,51.593
1777234933.467766,10.10.1.100:43262,,,10,162,56.831
1777234933.629849,10.10.1.100:43272,,,10,37,51.663
1777234933.684240,10.10.1.100:43272,,,10,14517,51.621
1777234933.738540,10.10.1.100:43272,,,19,40581,51.392
1777234933.792635,10.10.1.100:43272,1,1,13,13,51.303
1777234933.847045,10.10.1.100:43272,1,2,11,13,51.385
1777234933.900912,10.10.1.100:43272,0,2,13,13,51.065
1777234933.955526,10.10.1.100:43272,0,2,14,13,50.937
1777234933.999975,10.10.1.100:43272,0,2,15,13,50.813
1777234934.046125,10.10.1.100:43272,0,2,15,13,52.446
1777234934.094894,10.10.1.100:43272,0,2,15,13,51.499
1777234934.141103,10.10.1.100:43272,0,2,15,13,53.453
1777234934.185104,10.10.1.100:43272,1,3,11,11,52.369
1777234934.230862,10.10.1.100:43272,0,3,11,11,52.323
1777234934.275547,10.10.1.100:43272,0,3,12,11,56.046
1777234934.321051,10.10.1.100:43272,0,3,12,11,53.366
1777234934.367740,10.10.1.100:43272,0,3,12,11,52.308
1777234934.411986,10.10.1.100:43272,0,3,12,11,57.146
1777234934.456841,10.10.1.100:43272,1,4,10,8,54.61
1777234934.502237,10.10.1.100:43272,0,4,8,8,53.881
1777234934.547214,10.10.1.100:43272,0,4,9,8,56.579
1777234934.591611,10.10.1.100:43272,0,4,9,8,54.818
1777234934.635637,10.10.1.100:43272,1,5,8,6,56.152
1777234934.679223,10.10.1.100:43272,0,5,6,6,54.766
1777234934.722881,10.10.1.100:43272,0,5,6,6,54.766
1777234934.766405,10.10.1.100:43272,0,5,7,6,54.686
1777234934.810667,10.10.1.100:43272,0,5,7,6,56.746
1777234934.854973,10.10.1.100:43272,0,5,7,6,55.851
1777234934.898481,10.10.1.100:43272,1,6,6,4,53.642
1777234934.941747,10.10.1.100:43272,1,7,4,4,53.029
1777234934.986612,10.10.1.100:43272,0,7,5,4,52.397
1777234935.029636,10.10.1.100:43272,0,7,5,4,52.397
1777234935.072539,10.10.1.100:43272,0,7,5,4,52.052
1777234935.118991,10.10.1.100:43272,0,7,5,4,51.844
1777234935.166517,10.10.1.100:43272,0,7,5,4,55.713
1777234935.210450,10.10.1.100:43272,0,7,7,4,55.527
1777234935.253699,10.10.1.100:43272,0,7,7,4,54.51
1777234935.297404,10.10.1.100:43272,0,7,7,4,53.446
1777234935.341084,10.10.1.100:43272,0,7,7,4,56.665
1777234935.385300,10.10.1.100:43272,0,7,7,4,56.665
1777234935.429416,10.10.1.100:43272,1,8,7,5,55.808
1777234935.473461,10.10.1.100:43272,0,8,5,5,53.876
1777234935.516728,10.10.1.100:43272,0,8,6,5,53.28
1777234935.560296,10.10.1.100:43272,0,8,6,5,56.653
1777234935.603238,10.10.1.100:43272,1,9,4,4,54.859
1777234935.646255,10.10.1.100:43272,0,9,4,4,54.126
1777234935.689671,10.10.1.100:43272,0,9,4,4,54.126
1777234935.732847,10.10.1.100:43272,0,9,5,4,58.473
1777234935.776308,10.10.1.100:43272,0,9,5,4,56.822
1777234935.819495,10.10.1.100:43272,0,9,5,4,55.543
1777234935.862661,10.10.1.100:43272,0,9,5,4,59.517
1777234935.905947,10.10.1.100:43272,0,9,6,4,57.602
1777234935.949291,10.10.1.100:43272,0,9,6,4,61.834
1777234935.994749,10.10.1.100:43272,0,9,6,4,59.401
1777234936.038278,10.10.1.100:43272,0,9,6,4,56.772
1777234936.082421,10.10.1.100:43272,0,9,7,4,55.081
1777234936.126453,10.10.1.100:43272,1,10,4,4,53.619
1777234936.174979,10.10.1.100:43272,0,10,4,4,53.085
1777234936.219737,10.10.1.100:43272,0,10,5,4,53.157
1777234936.263791,10.10.1.100:43272,0,10,5,4,52.925
1777234936.307193,10.10.1.100:43272,0,10,5,4,57.521
1777234936.351889,10.10.1.100:43272,1,11,3,3,55.997
1777234936.395636,10.10.1.100:43272,0,11,3,3,54.544
1777234936.440440,10.10.1.100:43272,0,11,4,3,54.402
1777234936.485506,10.10.1.100:43272,0,11,4,3,53.647
1777234936.528972,10.10.1.100:43272,0,11,4,3,53.075
1777234936.574040,10.10.1.100:43272,1,12,2,2,52.578
1777234936.617191,10.10.1.100:43272,0,12,2,2,52.255
1777234936.660613,10.10.1.100:43272,0,12,3,2,54.277
1777234936.703765,10.10.1.100:43272,0,12,3,2,53.93
1777234936.747268,10.10.1.100:43272,0,12,3,2,58.292
1777234936.790345,10.10.1.100:43272,0,12,3,2,58.292
1777234936.833746,10.10.1.100:43272,0,12,5,2,58.129
1777234936.878274,10.10.1.100:43272,0,12,5,2,56.572
1777234936.921196,10.10.1.100:43272,0,12,5,2,59.405
1777234936.964354,10.10.1.100:43272,0,12,5,2,58.897
1777234937.008083,10.10.1.100:43272,0,12,5,2,57.176
1777234937.052848,10.10.1.100:43272,0,12,6,2,59.105
1777234937.096223,10.10.1.100:43272,1,13,6,4,58.096
1777234937.139415,10.10.1.100:43272,0,13,4,4,55.908
1777234937.186120,10.10.1.100:43272,0,13,5,4,56.755
1777234937.233166,10.10.1.100:43272,0,13,5,4,59.173
1777234937.278278,10.10.1.100:43272,0,13,5,4,57.269
1777234937.321510,10.10.1.100:43272,0,13,5,4,60.584
1777234937.365341,10.10.1.100:43272,0,13,7,4,60.381
1777234937.408748,10.10.1.100:43272,0,13,7,4,60.381
1777234937.452386,10.10.1.100:43272,0,13,7,4,61.761
1777234937.496423,10.10.1.100:43272,1,14,7,4,58.334
1777234937.543243,10.10.1.100:43272,0,14,4,4,55.494
1777234937.591137,10.10.1.100:43272,0,14,5,4,57.822
1777234937.635814,10.10.1.100:43272,0,14,5,4,56.981
1777234937.678948,10.10.1.100:43272,0,14,5,4,59.608
1777234937.721952,10.10.1.100:43272,0,14,5,4,57.662
1777234937.765535,10.10.1.100:43272,0,14,5,4,56.856
1777234937.808361,10.10.1.100:43272,0,14,6,4,59.054
1777234937.851610,10.10.1.100:43272,0,14,6,4,56.526
1777234937.894989,10.10.1.100:43272,0,14,7,4,54.811
1777234937.938100,10.10.1.100:43272,0,14,7,4,54.002
1777234937.981889,10.10.1.100:43272,0,14,8,4,56.658
1777234938.025585,10.10.1.100:43272,0,14,8,4,55.997
1777234938.068683,10.10.1.100:43272,0,14,8,4,54.913
1777234938.112857,10.10.1.100:43272,1,15,5,5,56.958
1777234938.156298,10.10.1.100:43272,0,15,6,5,54.991
1777234938.200177,10.10.1.100:43272,0,15,6,5,53.784
1777234938.250131,10.10.1.100:43272,0,15,6,5,52.912
1777234938.306377,10.10.1.100:43272,0,15,6,5,52.341
1777234938.444137,10.10.1.100:43272,0,15,8,5,51.853
1777234938.525853,10.10.1.100:43272,0,15,8,5,51.291
1777234938.581499,10.10.1.100:43272,0,15,10,5,51.152
1777234938.637146,10.10.1.100:43272,0,15,10,5,51.12
1777234938.690913,10.10.1.100:43272,0,15,10,5,51.088
1777234938.745234,10.10.1.100:43272,1,16,7,7,51.19
1777234938.800484,10.10.1.100:43272,0,16,8,7,56.696
1777234938.854157,10.10.1.100:43272,0,16,8,7,54.47
1777234938.908507,10.10.1.100:43272,0,16,8,7,52.547
1777234938.962276,10.10.1.100:43272,0,16,9,7,52.026
1777234939.016900,10.10.1.100:43272,0,16,9,7,54.682
1777234939.071619,10.10.1.100:43272,0,16,10,7,53.701
1777234939.126462,10.10.1.100:43272,0,16,10,7,52.405
1777234939.178003,10.10.1.100:43272,0,16,11,7,51.916
1777234939.222271,10.10.1.100:43272,0,16,11,7,51.576
1777234939.269163,10.10.1.100:43272,0,16,12,7,51.471
1777234939.316337,10.10.1.100:43272,0,16,12,7,51.101
1777234939.362202,10.10.1.100:43272,0,16,13,7,50.946
1777234939.406830,10.10.1.100:43272,0,16,13,7,50.994
1777234939.452718,10.10.1.100:43272,0,16,13,7,50.987
1777234939.498011,10.10.1.100:43272,0,16,14,7,53.828
1777234939.543647,10.10.1.100:43272,0,16,14,7,52.368
1777234939.589351,10.10.1.100:43272,0,16,15,7,51.759
1777234939.633558,10.10.1.100:43272,0,16,15,7,51.276
1777234939.678378,10.10.1.100:43272,3,19,9,10,51.533
1777234939.721944,10.10.1.100:43272,0,19,10,10,51.358
1777234939.767029,10.10.1.100:43272,0,19,11,10,53.484
1777234939.810818,10.10.1.100:43272,0,19,11,10,52.536
1777234939.854842,10.10.1.100:43272,0,19,11,10,54.324
1777234939.898567,10.10.1.100:43272,0,19,12,10,53.257
1777234939.941956,10.10.1.100:43272,0,19,12,10,55.774
1777234939.986947,10.10.1.100:43272,0,19,12,10,53.463
1777234940.033182,10.10.1.100:43272,0,19,13,10,55.585
1777234940.077159,10.10.1.100:43272,0,19,12,9,53.324
1777234940.122345,10.10.1.100:43272,1,20,9,9,53.03
1777234940.166393,10.10.1.100:43272,0,20,10,9,52.334
1777234940.209963,10.10.1.100:43272,0,20,10,9,51.727
1777234940.254537,10.10.1.100:43272,0,20,10,9,54.329
1777234940.300792,10.10.1.100:43272,0,20,10,9,52.947
1777234940.348397,10.10.1.100:43272,0,20,11,9,52.157
1777234940.393615,10.10.1.100:43272,0,20,11,9,51.676
1777234940.438013,10.10.1.100:43272,0,20,12,9,54.849
1777234940.483445,10.10.1.100:43272,0,20,12,9,56.278
1777234940.527593,10.10.1.100:43272,0,20,12,9,53.393
1777234940.573397,10.10.1.100:43272,0,20,13,9,52.046
1777234940.618793,10.10.1.100:43272,0,20,13,9,51.483
1777234940.664353,10.10.1.100:43272,0,20,14,9,53.573
1777234940.707512,10.10.1.100:43272,0,20,14,9,52.229
1777234940.752480,10.10.1.100:43272,0,20,15,9,51.828
1777234940.795680,10.10.1.100:43272,1,21,10,10,52.777
1777234940.838817,10.10.1.100:43272,1,22,9,10,52.318
1777234940.883037,10.10.1.100:43272,0,22,10,10,51.84
1777234940.927195,10.10.1.100:43272,0,22,11,10,51.515
1777234940.971101,10.10.1.100:43272,3,25,6,7,51.641
1777234941.014884,10.10.1.100:43272,1,25,7,7,51.452
1777234941.059525,10.10.1.100:43272,0,25,7,7,53.38
1777234941.103990,10.10.1.100:43272,0,25,8,7,52.613
1777234941.147621,10.10.1.100:43272,0,25,8,7,52.295
1777234941.191902,10.10.1.100:43272,1,26,5,5,51.949
1777234941.236441,10.10.1.100:43272,0,26,5,5,51.765
1777234941.280399,10.10.1.100:43272,0,26,6,5,53.181
1777234941.323810,10.10.1.100:43272,0,26,6,5,52.514
1777234941.449645,10.10.1.100:43272,0,26,6,5,52.046
1777234941.524567,10.10.1.100:43272,0,26,7,5,51.708
1777234941.578756,10.10.1.100:43272,0,26,8,5,51.534
1777234941.633099,10.10.1.100:43272,0,26,8,5,51.509
1777234941.687269,10.10.1.100:43272,0,26,9,5,51.459
1777234941.742177,10.10.1.100:43272,0,26,10,5,54.807
1777234941.797231,10.10.1.100:43272,0,26,10,5,53.282
1777234941.851736,10.10.1.100:43272,0,26,11,5,52.338
1777234941.906021,10.10.1.100:43272,0,26,11,5,51.932
1777234941.960361,10.10.1.100:43272,2,28,7,7,51.801
1777234942.022435,10.10.1.100:43272,1,29,6,7,51.747
1777234942.156665,10.10.1.100:43272,0,29,7,7,51.759
1777234942.258723,10.10.1.100:43272,0,29,9,7,52.581
1777234942.316816,10.10.1.100:43272,0,29,9,7,51.859
1777234942.372007,10.10.1.100:43272,0,29,10,7,51.603
1777234942.501827,10.10.1.100:43272,0,29,10,7,51.279
1777234942.642631,10.10.1.100:43272,0,29,12,7,54.316
1777234942.753097,10.10.1.100:43272,0,29,13,7,51.833
1777234942.809131,10.10.1.100:43272,1,31,6,6,53.129
1777234942.863853,10.10.1.100:43272,0,31,6,6,52.769
1777234942.918497,10.10.1.100:43272,0,31,7,6,56.212
1777234942.972412,10.10.1.100:43272,0,31,7,6,55.071
1777234943.026532,10.10.1.100:43272,0,31,7,6,57.322
1777234943.081143,10.10.1.100:43272,0,31,8,6,55.921
1777234943.135722,10.10.1.100:43272,0,31,8,6,54.291
1777234943.190041,10.10.1.100:43272,0,31,9,6,53.281
1777234943.244879,10.10.1.100:43272,0,31,9,6,52.418
1777234943.300581,10.10.1.100:43272,0,31,10,6,54.69
1777234943.441528,10.10.1.100:43272,0,31,10,6,52.986
1777234943.525122,10.10.1.100:43272,0,31,12,6,54.224
1777234943.580875,10.10.1.100:43272,0,31,12,6,52.717
1777234943.635805,10.10.1.100:43272,0,31,13,6,51.786
1777234943.690740,10.10.1.100:43272,1,32,13,9,53.776
1777234943.745502,10.10.1.100:43272,0,32,9,9,52.459
1777234943.800100,10.10.1.100:43272,0,32,10,9,54.345
1777234943.854470,10.10.1.100:43272,0,32,10,9,52.825
1777234943.909694,10.10.1.100:43272,0,32,11,9,52.086
1777234943.964986,10.10.1.100:43272,0,32,11,9,51.639
1777234944.019845,10.10.1.100:43272,1,33,9,7,53.698
1777234944.073964,10.10.1.100:43272,0,33,7,7,53.073
1777234944.128990,10.10.1.100:43272,1,34,5,5,52.436
1777234944.179506,10.10.1.100:43272,1,35,5,5,52.162
1777234944.222649,10.10.1.100:43272,0,35,5,5,53.011
1777234944.267682,10.10.1.100:43272,1,36,3,3,52.603
1777234944.312393,10.10.1.100:43272,0,36,3,3,52.402
1777234944.355953,10.10.1.100:43272,0,36,4,3,52.24
1777234944.399460,10.10.1.100:43272,0,36,4,3,56.016
1777234944.446493,10.10.1.100:43272,0,36,4,3,54.898
1777234944.493458,10.10.1.100:43272,0,36,4,3,53.983
1777234944.537380,10.10.1.100:43272,0,36,6,3,53.317
1777234944.580774,10.10.1.100:43272,0,36,6,3,52.663
1777234944.624752,10.10.1.100:43272,0,36,6,3,52.164
1777234944.668185,10.10.1.100:43272,0,36,6,3,52.164
1777234944.712012,10.10.1.100:43272,0,36,6,3,51.861
1777234944.755766,10.10.1.100:43272,0,36,7,3,51.786
1777234944.799148,10.10.1.100:43272,0,36,7,3,58.092
1777234944.843418,10.10.1.100:43272,0,36,8,3,56.462
1777234944.887702,10.10.1.100:43272,1,37,5,5,54.91
1777234944.931495,10.10.1.100:43272,0,37,5,5,54.171
1777234944.975404,10.10.1.100:43272,0,37,6,5,55.701
1777234945.019141,10.10.1.100:43272,0,37,6,5,54.141
1777234945.063026,10.10.1.100:43272,0,37,6,5,57.353
1777234945.107809,10.10.1.100:43272,0,37,6,5,55.341
1777234945.151782,10.10.1.100:43272,0,37,7,5,54.02
1777234945.196008,10.10.1.100:43272,0,37,7,5,53.341
1777234945.239544,10.10.1.100:43272,0,37,8,5,52.648
1777234945.283068,10.10.1.100:43272,0,37,8,5,52.479
1777234945.326606,10.10.1.100:43272,0,37,8,5,52.084
1777234945.370956,10.10.1.100:43272,0,37,9,5,51.742
1777234945.414136,10.10.1.100:43272,1,38,6,6,51.435
1777234945.457464,10.10.1.100:43272,2,39,6,6,51.558
1777234945.506034,10.10.1.100:43272,1,40,5,6,51.71
1777234945.549567,10.10.1.100:43272,0,40,6,6,51.566
1777234945.593739,10.10.1.100:43272,0,40,6,6,53.182
1777234945.637412,10.10.1.100:43272,0,40,7,6,52.546
1777234945.681731,10.10.1.100:43272,0,40,7,6,52.133
1777234945.724871,10.10.1.100:43272,0,40,7,6,51.933
1777234945.768362,10.10.1.100:43272,0,40,8,6,51.786
1777234945.811719,10.10.1.100:43272,0,40,8,6,51.663
1777234945.855086,10.10.1.100:43272,0,40,9,6,51.542
1777234945.898886,10.10.1.100:43272,0,40,9,6,51.547
1777234945.942373,10.10.1.100:43272,0,40,9,6,51.467
1777234945.986807,10.10.1.100:43272,0,40,10,6,54.443
1777234946.030849,10.10.1.100:43272,0,40,10,6,53.361
1777234946.075283,10.10.1.100:43272,1,41,7,7,52.577
1777234946.119701,10.10.1.100:43272,0,41,7,7,52.36
1777234946.163595,10.10.1.100:43272,1,42,6,4,53.534
1777234946.206657,10.10.1.100:43272,0,42,4,4,53.1
1777234946.250100,10.10.1.100:43272,0,42,5,4,54.825
1777234946.294228,10.10.1.100:43272,0,42,5,4,57.855
1777234946.339200,10.10.1.100:43272,0,42,5,4,57.03
1777234946.382588,10.10.1.100:43272,0,42,5,4,61.439
1777234946.426232,10.10.1.100:43272,0,42,5,4,60.147
1777234946.470506,10.10.1.100:43272,0,42,5,4,60.147
1777234946.568809,10.10.1.100:43272,0,42,5,4,60.147
1777234946.704961,10.10.1.100:43272,1,43,4,4,70.467
1777234946.778587,10.10.1.100:43272,0,43,5,4,65.622
1777234946.833583,10.10.1.100:43272,0,43,5,4,61.99
1777234946.888137,10.10.1.100:43272,1,44,3,3,59.62
1777234946.942227,10.10.1.100:43272,0,44,4,3,57.63
1777234946.996618,10.10.1.100:43272,0,44,4,3,61.015
1777234947.050230,10.10.1.100:43272,0,44,4,3,58.716
1777234947.104409,10.10.1.100:43272,0,44,4,3,56.959
1777234947.158349,10.10.1.100:43272,0,44,5,3,56.244
1777234947.212811,10.10.1.100:43272,0,44,5,3,58.558
1777234947.267083,10.10.1.100:43272,1,45,5,4,58.026
1777234947.321499,10.10.1.100:43272,0,45,4,4,55.901
1777234947.375998,10.10.1.100:43272,1,46,3,2,54.821
1777234947.430330,10.10.1.100:43272,0,46,2,2,54.083
1777234947.475471,10.10.1.100:43272,0,46,3,2,56.022
1777234947.518962,10.10.1.100:43272,0,46,3,2,55.453
1777234947.566925,10.10.1.100:43272,1,47,2,2,54.906
1777234947.612472,10.10.1.100:43272,0,47,2,2,54.418
1777234947.660116,10.10.1.100:43272,0,47,3,2,56.424
1777234947.782514,10.10.1.100:43272,0,47,3,2,55.793
1777234947.883493,10.10.1.100:43272,0,47,5,2,58.407
1777234947.939257,10.10.1.100:43272,1,48,5,3,61.86
1777234947.993492,10.10.1.100:43272,0,48,3,3,58.383
1777234948.047633,10.10.1.100:43272,1,49,3,2,59.525
1777234948.101644,10.10.1.100:43272,0,49,2,2,57.567
1777234948.155770,10.10.1.100:43272,0,49,3,2,58.91
1777234948.210275,10.10.1.100:43272,0,49,3,2,57.968
1777234948.264726,10.10.1.100:43272,0,49,3,2,61.322
1777234948.319602,10.10.1.100:43272,0,49,5,2,60.85
1777234948.374675,10.10.1.100:43272,0,49,5,2,58.691
1777234948.429603,10.10.1.100:43272,1,50,5,3,56.871
1777234948.484431,10.10.1.100:43272,0,50,3,3,54.914
1777234948.575835,10.10.1.100:43272,0,50,4,3,54.431
1777234948.716393,10.10.1.100:43272,0,50,4,3,56.023
1777234948.853874,10.10.1.100:43272,0,50,6,3,59.594
1777234948.913455,10.10.1.100:43272,0,50,6,3,53.714
1777234948.968704,10.10.1.100:43272,0,50,8,3,53.133
1777234949.023008,10.10.1.100:43272,0,50,8,3,52.251
1777234949.076743,10.10.1.100:43272,0,50,8,3,51.79
1777234949.131462,10.10.1.100:43272,0,50,8,3,51.519
1777234949.185521,10.10.1.100:43272,0,50,9,3,51.312
1777234949.240941,10.10.1.100:43272,0,50,9,3,51.201
1777234949.294866,10.10.1.100:43272,1,51,9,7,54.343
1777234949.348689,10.10.1.100:43272,0,51,7,7,53.383
1777234949.403269,10.10.1.100:43272,0,51,8,7,52.67
1777234949.457474,10.10.1.100:43272,0,51,8,7,55.524
1777234949.512574,10.10.1.100:43272,0,51,8,7,53.691
1777234949.564549,10.10.1.100:43272,0,51,8,7,52.825
1777234949.609121,10.10.1.100:43272,0,51,10,7,52.264
1777234949.656955,10.10.1.100:43272,0,51,10,7,51.742
1777234949.702310,10.10.1.100:43272,0,51,10,7,51.384
1777234949.747964,10.10.1.100:43272,1,52,7,7,51.384
1777234949.792300,10.10.1.100:43272,0,52,8,7,51.278
1777234949.835402,10.10.1.100:43272,0,52,8,7,51.266
1777234949.880894,10.10.1.100:43272,0,52,8,7,51.223
1777234949.926353,10.10.1.100:43272,0,52,8,7,51.235
1777234949.970310,10.10.1.100:43272,0,52,9,7,56.734
1777234950.014768,10.10.1.100:43272,0,52,9,7,55.039
1777234950.059552,10.10.1.100:43272,0,52,9,7,53.478
1777234950.103259,10.10.1.100:43272,0,52,10,7,55.423
1777234950.148084,10.10.1.100:43272,0,52,10,7,53.334
1777234950.192304,10.10.1.100:43272,0,52,11,7,52.319
1777234950.237291,10.10.1.100:43272,0,52,11,7,51.823
1777234950.281684,10.10.1.100:43272,0,52,12,7,55.604
1777234950.326290,10.10.1.100:43272,0,52,12,7,54.517
1777234950.371947,10.10.1.100:43272,0,52,12,7,53.092
1777234950.417485,10.10.1.100:43272,0,52,13,7,52.126
1777234950.462547,10.10.1.100:43272,1,53,9,9,51.57
1777234950.506120,10.10.1.100:43272,0,53,9,9,51.417
1777234950.550648,10.10.1.100:43272,0,53,10,9,51.26
1777234950.596014,10.10.1.100:43272,0,53,10,9,53.781
1777234950.640486,10.10.1.100:43272,0,53,11,9,52.592
1777234950.688723,10.10.1.100:43272,0,53,11,9,56.007
1777234950.735105,10.10.1.100:43272,1,54,7,7,53.351
1777234950.780158,10.10.1.100:43272,1,54,7,7,53.186
1777234950.823560,10.10.1.100:43272,0,54,7,7,52.522
1777234950.868526,10.10.1.100:43272,0,54,8,7,55.988
1777234950.912193,10.10.1.100:43272,1,55,5,5,54.192
1777234950.955751,10.10.1.100:43272,0,55,5,5,53.28
1777234951.000083,10.10.1.100:43272,0,55,6,5,52.961
1777234951.043190,10.10.1.100:43272,0,55,6,5,52.769
1777234951.087156,10.10.1.100:43272,0,55,6,5,52.417
1777234951.131717,10.10.1.100:43272,0,55,6,5,52.067
1777234951.175377,10.10.1.100:43272,0,55,6,5,51.934
1777234951.218318,10.10.1.100:43272,0,55,7,5,51.746
1777234951.262874,10.10.1.100:43272,0,55,7,5,51.684
1777234951.306884,10.10.1.100:43272,0,55,8,5,56.804
1777234951.349928,10.10.1.100:43272,1,56,5,5,54.802
1777234951.393593,10.10.1.100:43272,0,56,5,5,54.085
1777234951.438400,10.10.1.100:43272,0,56,6,5,53.566
1777234951.481469,10.10.1.100:43272,1,57,5,4,53.772
1777234951.525164,10.10.1.100:43272,0,57,5,4,53.55
1777234951.569168,10.10.1.100:43272,0,57,5,4,52.875
1777234951.614415,10.10.1.100:43272,0,57,5,4,52.875
1777234951.657250,10.10.1.100:43272,0,57,5,4,52.706
1777234951.703536,10.10.1.100:43272,0,57,5,4,56.279
1777234951.750325,10.10.1.100:43272,0,57,7,4,56.777
1777234951.793975,10.10.1.100:43272,0,57,7,4,54.926
1777234951.837851,10.10.1.100:43272,0,57,7,4,57.82
1777234951.882967,10.10.1.100:43272,0,57,7,4,56.47
1777234951.927505,10.10.1.100:43272,0,57,8,4,54.798
1777234951.972280,10.10.1.100:43272,0,57,8,4,59.441
1777234952.016861,10.10.1.100:43272,0,57,8,4,56.066
1777234952.060704,10.10.1.100:43272,0,57,8,4,54.413
1777234952.104918,10.10.1.100:43272,0,57,9,4,53.09
1777234952.149334,10.10.1.100:43272,0,57,9,4,52.288
1777234952.193852,10.10.1.100:43272,0,57,10,4,55.242
1777234952.238324,10.10.1.100:43272,0,57,10,4,53.297
1777234952.282239,10.10.1.100:43272,0,57,11,4,52.83
1777234952.326051,10.10.1.100:43272,0,57,11,4,52.027
1777234952.371366,10.10.1.100:43272,0,57,11,4,51.766
1777234952.416469,10.10.1.100:43272,0,57,12,4,54.442
1777234952.460419,10.10.1.100:43272,0,57,12,4,52.545
1777234952.505070,10.10.1.100:43272,0,57,13,4,51.833
1777234952.551995,10.10.1.100:43272,0,57,13,4,51.435
1777234952.597009,10.10.1.100:43272,0,57,14,4,51.194
1777234952.732495,10.10.1.100:43272,0,57,14,4,54.143
1777234952.871682,10.10.1.100:43272,0,57,16,4,52.054
1777234952.994301,10.10.1.100:43272,0,58,12,11,54.362
1777234953.050994,10.10.1.100:43272,0,58,13,11,51.673
1777234953.105345,10.10.1.100:43272,0,58,13,11,54.638
1777234953.159877,10.10.1.100:43272,1,59,9,9,53.799
1777234953.214058,10.10.1.100:43272,0,59,10,9,52.448
1777234953.268649,10.10.1.100:43272,0,59,10,9,51.877
1777234953.323379,10.10.1.100:43272,0,59,10,9,51.554
1777234953.377807,10.10.1.100:43272,0,59,10,9,55.011
1777234953.433599,10.10.1.100:43272,0,59,11,9,53.102
1777234953.488912,10.10.1.100:43272,2,61,6,7,52.163
1777234953.543219,10.10.1.100:43272,0,61,7,7,51.882
1777234953.597837,10.10.1.100:43272,0,61,8,7,54.735
1777234953.652091,10.10.1.100:43272,0,61,8,7,53.259
1777234953.703735,10.10.1.100:43272,0,61,8,7,52.42
1777234953.749488,10.10.1.100:43272,0,61,9,7,51.809
1777234953.798508,10.10.1.100:43272,0,61,9,7,51.512
1777234953.931953,10.10.1.100:43272,0,61,9,7,51.444
1777234954.019428,10.10.1.100:43272,0,62,8,7,53.73
1777234954.074850,10.10.1.100:43272,1,63,5,5,54.85
1777234954.129662,10.10.1.100:43272,0,63,5,5,53.665
1777234954.185001,10.10.1.100:43272,0,63,6,5,52.903
1777234954.239642,10.10.1.100:43272,0,63,6,5,52.545
1777234954.293525,10.10.1.100:43272,1,64,4,4,52.217
1777234954.347814,10.10.1.100:43272,1,65,3,4,52.264
1777234954.402103,10.10.1.100:43272,0,65,4,4,52.279
1777234954.455925,10.10.1.100:43272,0,65,5,4,52.057
1777234954.511366,10.10.1.100:43272,0,65,5,4,57.124
1777234954.566455,10.10.1.100:43272,1,66,3,3,54.707
1777234954.621685,10.10.1.100:43272,1,66,3,3,54.298
1777234954.673326,10.10.1.100:43272,0,66,4,3,54.011
1777234954.719797,10.10.1.100:43272,0,66,4,3,53.367
1777234954.764536,10.10.1.100:43272,0,66,4,3,52.862
1777234954.809381,10.10.1.100:43272,0,66,4,3,52.862
1777234954.857425,10.10.1.100:43272,0,66,4,3,52.418
1777234954.901969,10.10.1.100:43272,0,66,6,3,52.105
1777234954.945632,10.10.1.100:43272,0,66,6,3,51.909
1777234954.990089,10.10.1.100:43272,0,66,6,3,51.745
1777234955.033050,10.10.1.100:43272,0,66,6,3,51.618
1777234955.078148,10.10.1.100:43272,0,66,8,3,51.515
1777234955.122239,10.10.1.100:43272,1,67,5,5,51.524
1777234955.167071,10.10.1.100:43272,1,67,5,5,51.524
1777234955.211582,10.10.1.100:43272,0,67,6,5,51.391
1777234955.255897,10.10.1.100:43272,0,67,6,5,51.274
1777234955.299479,10.10.1.100:43272,0,67,6,5,51.224
1777234955.342964,10.10.1.100:43272,0,67,6,5,55.35
1777234955.387415,10.10.1.100:43272,0,67,7,5,54.105
1777234955.430798,10.10.1.100:43272,0,67,7,5,53.118
1777234955.548538,10.10.1.100:43272,1,68,6,4,52.907
1777234955.639955,10.10.1.100:43272,0,68,5,4,56.803
1777234955.695634,10.10.1.100:43272,0,68,5,4,59.178
1777234955.749881,10.10.1.100:43272,0,68,7,4,58.306
1777234955.804462,10.10.1.100:43272,0,68,7,4,56.003
1777234955.860571,10.10.1.100:43272,0,68,7,4,57.7
1777234955.914997,10.10.1.100:43272,0,68,7,4,56.287
1777234955.985132,10.10.1.100:43272,0,68,8,4,54.62
1777234956.114835,10.10.1.100:43272,0,68,8,4,54.473
1777234956.172699,10.10.1.100:43272,0,68,9,4,54.9
1777234956.227745,10.10.1.100:43272,0,68,10,4,56.827
1777234956.282466,10.10.1.100:43272,0,68,10,4,54.067
1777234956.337203,10.10.1.100:43272,0,68,11,4,52.869
1777234956.391815,10.10.1.100:43272,0,68,11,4,52.172
1777234956.446519,10.10.1.100:43272,0,68,12,4,51.703
1777234956.520390,10.10.1.100:43272,0,68,12,4,54.098
1777234956.660345,10.10.1.100:43272,0,68,13,4,51.702
1777234956.760501,10.10.1.100:43272,0,69,10,9,52.414
1777234956.816100,10.10.1.100:43272,0,69,10,9,51.975
1777234956.870355,10.10.1.100:43272,0,70,7,7,51.763
1777234956.927177,10.10.1.100:43272,0,70,8,7,55.168
1777234956.981434,10.10.1.100:43272,0,70,8,7,53.954
1777234957.035938,10.10.1.100:43272,0,70,8,7,56.344
1777234957.090752,10.10.1.100:43272,0,70,8,7,55.083
1777234957.146787,10.10.1.100:43272,0,70,9,7,53.55
1777234957.200397,10.10.1.100:43272,0,70,9,7,52.84
1777234957.254639,10.10.1.100:43272,0,70,10,7,55.081
1777234957.308352,10.10.1.100:43272,0,70,10,7,53.198
1777234957.362433,10.10.1.100:43272,1,71,7,7,52.998
1777234957.408881,10.10.1.100:43272,0,71,8,7,53.029
1777234957.452950,10.10.1.100:43272,0,71,8,7,52.306
1777234957.496911,10.10.1.100:43272,0,71,8,7,51.948
1777234957.541801,10.10.1.100:43272,0,71,9,7,51.745
1777234957.585624,10.10.1.100:43272,0,71,9,7,51.521
1777234957.629542,10.10.1.100:43272,0,71,9,7,51.455
1777234957.673021,10.10.1.100:43272,0,71,9,7,51.39
1777234957.717461,10.10.1.100:43272,0,71,10,7,54.514
1777234957.768899,10.10.1.100:43272,0,71,10,7,53.45
1777234957.814988,10.10.1.100:43272,0,71,11,7,52.533
1777234957.859513,10.10.1.100:43272,0,71,11,7,51.839
1777234957.904049,10.10.1.100:43272,0,71,12,7,54.065
1777234957.952495,10.10.1.100:43272,0,71,12,7,52.828
1777234957.996707,10.10.1.100:43272,1,72,9,9,52.387
1777234958.040409,10.10.1.100:43272,0,72,9,9,52.344
1777234958.084793,10.10.1.100:43272,0,72,9,9,52.512
1777234958.130154,10.10.1.100:43272,0,72,10,9,51.986
1777234958.175998,10.10.1.100:43272,0,72,10,9,51.544
1777234958.220838,10.10.1.100:43272,0,72,11,9,51.334
1777234958.265992,10.10.1.100:43272,0,72,11,9,51.216
1777234958.310640,10.10.1.100:43272,0,72,11,9,54.748
1777234958.354594,10.10.1.100:43272,0,72,11,9,53.649
1777234958.399242,10.10.1.100:43272,0,72,12,9,53.367
1777234958.442611,10.10.1.100:43272,1,73,10,8,52.408
1777234958.490415,10.10.1.100:43272,0,73,8,8,52.236
1777234958.538010,10.10.1.100:43272,0,73,9,8,55.358
1777234958.583038,10.10.1.100:43272,0,73,9,8,53.574
1777234958.627716,10.10.1.100:43272,0,73,9,8,52.448
1777234958.671491,10.10.1.100:43272,0,73,9,8,54.759
1777234958.715412,10.10.1.100:43272,0,73,10,8,53.42
1777234958.759445,10.10.1.100:43272,0,73,11,8,52.673
1777234958.804800,10.10.1.100:43272,0,73,11,8,52.527
1777234958.848306,10.10.1.100:43272,1,74,7,7,52.078
1777234958.892904,10.10.1.100:43272,0,74,7,7,51.958
1777234958.936849,10.10.1.100:43272,0,74,8,7,51.705
1777234959.036061,10.10.1.100:43272,0,74,8,7,54.859
1777234959.135384,10.10.1.100:43272,0,74,9,7,52.334
1777234959.191398,10.10.1.100:43272,0,74,9,7,54.678
1777234959.245831,10.10.1.100:43272,0,74,10,7,53.74
1777234959.300102,10.10.1.100:43272,0,74,10,7,52.684
1777234959.354656,10.10.1.100:43272,0,74,11,7,52.068
1777234959.409119,10.10.1.100:43272,0,74,11,7,51.675
1777234959.463201,10.10.1.100:43272,0,74,12,7,54.001
1777234959.518841,10.10.1.100:43272,1,75,10,8,53.13
1777234959.574200,10.10.1.100:43272,0,75,8,8,52.586
1777234959.628700,10.10.1.100:43272,1,76,5,5,52.139
1777234959.683269,10.10.1.100:43272,0,76,6,5,51.95
1777234959.735176,10.10.1.100:43272,0,76,6,5,52.01
1777234959.867604,10.10.1.100:43272,0,76,6,5,51.718
1777234960.008347,10.10.1.100:43272,0,76,7,5,51.572
1777234960.125204,10.10.1.100:43272,0,76,8,5,53.703
1777234960.182849,10.10.1.100:43272,0,76,9,5,52.11
1777234960.238443,10.10.1.100:43272,0,76,10,5,55.206
1777234960.293399,10.10.1.100:43272,0,76,10,5,53.909
1777234960.347762,10.10.1.100:43272,0,76,11,5,56.239
1777234960.402690,10.10.1.100:43272,0,76,12,5,57.076
1777234960.456784,10.10.1.100:43272,0,76,12,5,54.802
1777234960.512704,10.10.1.100:43272,0,76,13,5,56.824
1777234960.567888,10.10.1.100:43272,1,77,9,9,53.64
1777234960.622647,10.10.1.100:43272,0,77,9,9,53.989
1777234960.677280,10.10.1.100:43272,0,77,10,9,57.042
1777234960.726377,10.10.1.100:43272,0,77,10,9,55.706
1777234960.771472,10.10.1.100:43272,0,77,11,9,59.207
1777234960.816601,10.10.1.100:43272,0,77,11,9,55.277
1777234960.867314,10.10.1.100:43272,0,77,11,9,56.395
1777234960.912167,10.10.1.100:43272,1,78,7,7,56.997
1777234960.956415,10.10.1.100:43272,0,78,7,7,54.105
1777234961.002259,10.10.1.100:43272,0,78,8,7,53.912
1777234961.051184,10.10.1.100:43272,0,78,8,7,57.416
1777234961.095364,10.10.1.100:43272,0,78,8,7,55.921
1777234961.139560,10.10.1.100:43272,0,78,8,7,53.949
1777234961.184017,10.10.1.100:43272,0,78,8,7,52.856
1777234961.227789,10.10.1.100:43272,0,78,9,7,52.221
1777234961.272468,10.10.1.100:43272,0,78,9,7,51.838
1777234961.316929,10.10.1.100:43272,0,78,10,7,51.566
1777234961.360863,10.10.1.100:43272,1,79,8,7,54.789
1777234961.405191,10.10.1.100:43272,1,79,7,7,54.471
1777234961.448900,10.10.1.100:43272,0,79,7,7,53.523
1777234961.493260,10.10.1.100:43272,0,79,8,7,56.697
1777234961.537176,10.10.1.100:43272,0,79,8,7,54.434
1777234961.582044,10.10.1.100:43272,0,79,8,7,53.119
1777234961.626426,10.10.1.100:43272,0,79,9,7,52.344
1777234961.670816,10.10.1.100:43272,0,79,9,7,51.963
1777234961.714866,10.10.1.100:43272,0,79,9,7,51.853
1777234961.758548,10.10.1.100:43272,0,79,9,7,51.558
1777234961.802252,10.10.1.100:43272,0,79,10,7,51.438
1777234961.847123,10.10.1.100:43272,0,79,10,7,54.361
1777234961.891797,10.10.1.100:43272,0,79,11,7,53.035
1777234961.935747,10.10.1.100:43272,1,80,7,7,52.346
1777234961.980261,10.10.1.100:43272,0,80,7,7,51.96
1777234962.024897,10.10.1.100:43272,0,80,8,7,56.314
1777234962.072385,10.10.1.100:43272,0,80,8,7,55.635
1777234962.116907,10.10.1.100:43272,1,81,5,5,57.381
1777234962.160336,10.10.1.100:43272,0,81,6,5,55.91
1777234962.205078,10.10.1.100:43272,0,81,6,5,54.847
1777234962.249500,10.10.1.100:43272,1,82,4,4,57.587
1777234962.292911,10.10.1.100:43272,0,82,4,4,55.463
1777234962.336368,10.10.1.100:43272,0,82,5,4,56.208
1777234962.380949,10.10.1.100:43272,0,82,5,4,56.208
1777234962.424831,10.10.1.100:43272,0,82,5,4,59.106
1777234962.468635,10.10.1.100:43272,0,82,5,4,57.717
1777234962.513112,10.10.1.100:43272,0,82,5,4,56.206
1777234962.556457,10.10.1.100:43272,0,82,6,4,58.542
1777234962.599600,10.10.1.100:43272,0,82,6,4,56.163
1777234962.642945,10.10.1.100:43272,0,82,6,4,56.163
1777234962.685815,10.10.1.100:43272,2,84,4,4,54.555
1777234962.729478,10.10.1.100:43272,0,84,4,4,53.752
1777234962.773702,10.10.1.100:43272,0,84,5,4,53.182
1777234962.822953,10.10.1.100:43272,0,84,5,4,52.735
1777234962.868058,10.10.1.100:43272,0,84,5,4,57.974
1777234962.912607,10.10.1.100:43272,1,85,3,3,55.756
1777234962.956188,10.10.1.100:43272,0,85,4,3,55.162
1777234963.001224,10.10.1.100:43272,0,85,4,3,55.162
1777234963.044653,10.10.1.100:43272,0,85,4,3,54.266
1777234963.093165,10.10.1.100:43272,0,85,4,3,53.551
1777234963.138101,10.10.1.100:43272,0,85,4,3,52.957
1777234963.181771,10.10.1.100:43272,0,85,6,3,52.567
1777234963.224750,10.10.1.100:43272,0,85,6,3,52.212
1777234963.268110,10.10.1.100:43272,0,85,6,3,52.044
1777234963.312337,10.10.1.100:43272,0,85,6,3,55.876
1777234963.355777,10.10.1.100:43272,0,85,7,3,55.326
1777234963.399603,10.10.1.100:43272,0,85,7,3,54.846
1777234963.443438,10.10.1.100:43272,0,85,7,3,57.9
1777234963.487489,10.10.1.100:43272,0,85,7,3,55.778
1777234963.533053,10.10.1.100:43272,0,85,8,3,57.428
1777234963.581645,10.10.1.100:43272,0,85,8,3,54.889
1777234963.626309,10.10.1.100:43272,0,85,9,3,53.245
1777234963.670880,10.10.1.100:43272,0,85,9,3,57.19
1777234963.715709,10.10.1.100:43272,0,85,10,3,54.703
1777234963.759907,10.10.1.100:43272,0,85,10,3,53.892
1777234963.803598,10.10.1.100:43272,0,85,10,3,56.24
1777234963.904681,10.10.1.100:43272,1,86,10,7,54.202
1777234964.007009,10.10.1.100:43272,0,86,7,7,52.912
1777234964.062584,10.10.1.100:43272,0,86,8,7,56.522
1777234964.118910,10.10.1.100:43272,0,86,8,7,54.237
1777234964.173791,10.10.1.100:43272,0,86,9,7,53.073
1777234964.227707,10.10.1.100:43272,0,86,9,7,52.412
1777234964.282125,10.10.1.100:43272,0,86,9,7,54.989
1777234964.335903,10.10.1.100:43272,0,86,11,7,54.109
1777234964.390711,10.10.1.100:43272,1,87,7,7,52.789
1777234964.445366,10.10.1.100:43272,1,88,5,5,51.771
1777234964.499659,10.10.1.100:43272,0,88,5,5,51.478
1777234964.554178,10.10.1.100:43272,0,88,6,5,51.405
1777234964.609369,10.10.1.100:43272,0,88,6,5,55.223
1777234964.655279,10.10.1.100:43272,0,88,6,5,53.939
1777234964.698957,10.10.1.100:43272,0,88,6,5,53.051
1777234964.743395,10.10.1.100:43272,0,88,7,5,52.836
1777234964.786881,10.10.1.100:43272,0,88,7,5,52.332
1777234964.831203,10.10.1.100:43272,0,88,7,5,52.076
1777234964.875385,10.10.1.100:43272,0,88,8,5,55.06
1777234964.919199,10.10.1.100:43272,0,88,8,5,53.379
1777234964.963173,10.10.1.100:43272,0,88,9,5,56.474
1777234965.006972,10.10.1.100:43272,0,88,9,5,54.241
1777234965.051071,10.10.1.100:43272,1,89,7,7,57.061
1777234965.095001,10.10.1.100:43272,0,89,7,7,55.798
1777234965.142359,10.10.1.100:43272,1,90,7,4,55.342
1777234965.188582,10.10.1.100:43272,1,91,4,4,53.687
1777234965.232230,10.10.1.100:43272,0,91,4,4,52.83
1777234965.276038,10.10.1.100:43272,0,91,5,4,53.804
1777234965.320841,10.10.1.100:43272,0,91,5,4,53.469
1777234965.394480,10.10.1.100:43272,0,91,5,4,57.193
1777234965.501736,10.10.1.100:43272,0,91,5,4,55.234
1777234965.557513,10.10.1.100:43272,0,91,6,4,55.836
1777234965.629814,10.10.1.100:43272,1,92,4,4,54.171
1777234965.746561,10.10.1.100:43272,0,93,4,4,55.27
1777234965.803932,10.10.1.100:43272,0,93,5,4,53.682
1777234965.918913,10.10.1.100:43272,0,93,5,4,53.154
1777234966.013111,10.10.1.100:43272,0,93,6,4,54.967
1777234966.068518,10.10.1.100:43272,0,93,7,4,53.504
1777234966.123077,10.10.1.100:43272,0,94,4,4,52.566
1777234966.178947,10.10.1.100:43272,0,94,5,4,54.481
1777234966.234125,10.10.1.100:43272,0,94,5,4,53.71
1777234966.288351,10.10.1.100:43272,0,94,5,4,57.625
1777234966.343164,10.10.1.100:43272,0,94,6,4,55.533
1777234966.398056,10.10.1.100:43272,0,94,6,4,58.5
1777234966.452252,10.10.1.100:43272,1,95,4,4,56.125
1777234966.506782,10.10.1.100:43272,0,95,4,4,55.075
1777234966.560843,10.10.1.100:43272,0,95,5,4,59.311
1777234966.614000,10.10.1.100:43272,0,95,5,4,61.594
1777234966.657981,10.10.1.100:43272,0,95,5,4,59.169
1777234966.700929,10.10.1.100:43272,1,96,3,3,56.575
1777234966.744409,10.10.1.100:43272,0,96,4,3,55.291
1777234966.788388,10.10.1.100:43272,0,96,4,3,54.353
1777234966.832612,10.10.1.100:43272,0,96,4,3,58.391
1777234966.877171,10.10.1.100:43272,0,96,4,3,58.391
1777234966.921281,10.10.1.100:43272,0,96,4,3,58.408
1777234966.966023,10.10.1.100:43272,0,96,6,3,56.695
1777234967.011314,10.10.1.100:43272,0,96,6,3,54.891
1777234967.056010,10.10.1.100:43272,0,96,6,3,53.659
1777234967.100215,10.10.1.100:43272,0,96,6,3,53.092
1777234967.145341,10.10.1.100:43272,0,96,8,3,52.446
1777234967.192703,10.10.1.100:43272,0,96,8,3,52.446
1777234967.239128,10.10.1.100:43272,0,96,8,3,52.157
1777234967.284515,10.10.1.100:43272,0,96,8,3,56.667
1777234967.329866,10.10.1.100:43272,0,96,8,3,54.391
1777234967.374932,10.10.1.100:43272,0,96,10,3,53.671
1777234967.418931,10.10.1.100:43272,0,96,10,3,52.464
1777234967.462718,10.10.1.100:43272,0,96,10,3,51.835
1777234967.507276,10.10.1.100:43272,0,96,10,3,51.817
1777234967.553457,10.10.1.100:43272,0,96,10,3,51.817
1777234967.598038,10.10.1.100:43272,0,96,11,3,51.521
1777234967.641741,10.10.1.100:43272,0,96,11,3,51.347
1777234967.685413,10.10.1.100:43272,1,97,7,7,54.545
1777234967.730445,10.10.1.100:43272,0,97,8,7,53.949
1777234967.774004,10.10.1.100:43272,0,97,8,7,53.04
1777234967.817426,10.10.1.100:43272,1,98,5,5,56.223
1777234967.865353,10.10.1.100:43272,0,98,5,5,55.05
1777234967.911769,10.10.1.100:43272,0,98,6,5,54.574
1777234967.955888,10.10.1.100:43272,0,98,6,5,58.867
1777234967.999647,10.10.1.100:43272,0,98,6,5,57.904
1777234968.133621,10.10.1.100:43272,0,98,6,5,54.265
1777234968.250155,10.10.1.100:43272,1,99,4,4,52.681
1777234968.306992,10.10.1.100:43272,0,100,4,4,53.386
1777234968.362300,10.10.1.100:43272,0,100,5,4,52.869
1777234968.416687,10.10.1.100:43272,0,100,5,4,52.52
1777234968.471491,10.10.1.100:43272,0,100,5,4,55.992
1777234968.525787,10.10.1.100:43272,0,100,6,4,53.66
1777234968.580773,10.10.1.100:43272,0,100,6,4,52.904
1777234968.704237,10.10.1.100:43272,0,100,7,4,52.24
1777234968.776871,10.10.1.100:43272,0,100,8,4,51.539
1777234968.832106,10.10.1.100:43272,0,100,8,4,55.412
1777234968.886378,10.10.1.100:43272,0,100,9,4,52.885
1777234968.940219,10.10.1.100:43272,0,100,10,4,52.167
1777234968.994890,10.10.1.100:43272,0,100,10,4,54.569
1777234969.049316,10.10.1.100:43272,0,100,11,4,53.161
1777234969.104076,10.10.1.100:43272,0,100,11,4,52.378
1777234969.158539,10.10.1.100:43272,0,100,12,4,51.742
1777234969.212782,10.10.1.100:43272,0,100,12,4,54.096
1777234969.268725,10.10.1.100:43272,1,101,13,9,52.686
1777234969.323452,10.10.1.100:43272,0,101,9,9,51.973
1777234969.374714,10.10.1.100:43272,0,101,10,9,52.489
1777234969.418367,10.10.1.100:43272,0,101,10,9,54.098
1777234969.461939,10.10.1.100:43272,1,102,7,7,52.55
1777234969.505534,10.10.1.100:43272,0,102,7,7,52.472
1777234969.549145,10.10.1.100:43272,0,102,8,7,52.188
1777234969.593062,10.10.1.100:43272,0,102,8,7,52.086
1777234969.637201,10.10.1.100:43272,1,103,5,5,51.98
1777234969.680988,10.10.1.100:43272,0,103,5,5,51.996
1777234969.723605,10.10.1.100:43272,0,103,6,5,51.919
1777234969.767545,10.10.1.100:43272,0,103,6,5,57.672
1777234969.811330,10.10.1.100:43272,0,103,6,5,55.543
1777234969.854102,10.10.1.100:43272,0,103,6,5,60.043
1777234969.897854,10.10.1.100:43272,0,103,6,5,64.044
1777234969.943069,10.10.1.100:43272,0,103,6,5,64.044
1777234969.987647,10.10.1.100:43272,0,103,8,5,59.832
1777234970.031294,10.10.1.100:43272,1,104,5,5,56.337
1777234970.074998,10.10.1.100:43272,0,104,6,5,55.118
1777234970.119356,10.10.1.100:43272,0,104,6,5,53.874
1777234970.163115,10.10.1.100:43272,0,104,6,5,53.06
1777234970.207605,10.10.1.100:43272,0,104,6,5,52.447
1777234970.251503,10.10.1.100:43272,0,104,8,5,51.964
1777234970.297931,10.10.1.100:43272,0,104,8,5,51.964
1777234970.344794,10.10.1.100:43272,1,105,5,5,51.784
1777234970.392265,10.10.1.100:43272,0,105,6,5,51.573
1777234970.527924,10.10.1.100:43272,0,105,6,5,51.432
1777234970.631628,10.10.1.100:43272,0,105,8,5,51.397
1777234970.687152,10.10.1.100:43272,0,105,8,5,54.601
1777234970.741716,10.10.1.100:43272,1,106,5,5,54.002
1777234970.795952,10.10.1.100:43272,0,106,6,5,53.095
1777234970.850549,10.10.1.100:43272,0,106,6,5,56.358
1777234970.904826,10.10.1.100:43272,0,106,6,5,55.152
1777234970.959152,10.10.1.100:43272,0,106,6,5,53.827
1777234971.013839,10.10.1.100:43272,0,106,8,5,52.996
1777234971.067850,10.10.1.100:43272,0,106,8,5,52.325
1777234971.122078,10.10.1.100:43272,1,107,7,5,55.249
1777234971.176520,10.10.1.100:43272,0,107,5,5,53.699
1777234971.230649,10.10.1.100:43272,0,107,6,5,53.113
1777234971.285129,10.10.1.100:43272,1,108,5,4,56.135
1777234971.338148,10.10.1.100:43272,0,108,4,4,54.288
1777234971.386112,10.10.1.100:43272,0,108,5,4,53.956
1777234971.431006,10.10.1.100:43272,0,108,5,4,57.043
1777234971.474250,10.10.1.100:43272,0,108,5,4,56.309
1777234971.517737,10.10.1.100:43272,0,108,5,4,59.879
1777234971.560823,10.10.1.100:43272,0,108,5,4,57.885
1777234971.604522,10.10.1.100:43272,0,108,6,4,56.371
1777234971.648225,10.10.1.100:43272,0,108,6,4,54.694
1777234971.692289,10.10.1.100:43272,1,109,4,4,53.401
1777234971.736256,10.10.1.100:43272,1,109,4,4,53.241
1777234971.779616,10.10.1.100:43272,0,109,4,4,52.854
1777234971.823335,10.10.1.100:43272,0,109,5,4,53.129
1777234971.867105,10.10.1.100:43272,0,109,5,4,52.681
1777234971.910156,10.10.1.100:43272,0,109,5,4,56.066
1777234971.984203,10.10.1.100:43272,0,109,7,4,56.015
1777234972.112282,10.10.1.100:43272,0,109,7,4,54.407
1777234972.169408,10.10.1.100:43272,0,109,9,4,55.24
1777234972.224933,10.10.1.100:43272,0,109,9,4,53.546
1777234972.280670,10.10.1.100:43272,0,109,9,4,55.467
1777234972.335693,10.10.1.100:43272,0,109,9,4,54.469
1777234972.427605,10.10.1.100:43272,0,109,9,4,53.053
1777234972.564616,10.10.1.100:43272,0,109,10,4,53.585
1777234972.647792,10.10.1.100:43272,0,110,8,7,61.106
1777234972.781152,10.10.1.100:43272,0,110,9,7,55.114
1777234972.917842,10.10.1.100:43272,1,111,6,6,52.382
1777234973.055739,10.10.1.100:43272,0,111,7,6,58.676
1777234973.193465,10.10.1.100:43272,0,111,7,6,58.27
1777234973.330451,10.10.1.100:43272,0,112,6,6,53.567
1777234973.469528,10.10.1.100:43272,0,112,7,6,56.803
1777234973.609700,10.10.1.100:43272,0,112,8,6,54.881
1777234973.747926,10.10.1.100:43272,0,113,6,5,55.269
1777234973.886506,10.10.1.100:43272,0,113,6,5,52.465
1777234974.021550,10.10.1.100:43272,0,113,8,5,56.144
1777234974.157104,10.10.1.100:43272,0,113,9,5,56.168
1777234974.292488,10.10.1.100:43272,1,114,7,7,55.637
1777234974.387396,10.10.1.100:43272,0,115,4,4,53.364
1777234974.445294,10.10.1.100:43272,0,115,5,4,57.317
1777234974.500484,10.10.1.100:43272,0,115,5,4,62.958
1777234974.555425,10.10.1.100:43272,0,115,5,4,60.251
1777234974.610101,10.10.1.100:43272,0,115,6,4,61.318
1777234974.664456,10.10.1.100:43272,0,115,6,4,58.077
1777234974.718402,10.10.1.100:43272,0,115,7,4,55.784
1777234974.772504,10.10.1.100:43272,0,115,7,4,54.331
1777234974.826296,10.10.1.100:43272,0,115,8,4,53.663
1777234974.880839,10.10.1.100:43272,0,115,8,4,56.231
1777234974.936509,10.10.1.100:43272,0,115,8,4,54.645
1777234974.990619,10.10.1.100:43272,0,115,9,4,52.805
1777234975.044861,10.10.1.100:43272,0,115,10,4,55.917
1777234975.090182,10.10.1.100:43272,0,115,10,4,53.619
1777234975.134808,10.10.1.100:43272,0,115,11,4,52.821
1777234975.179275,10.10.1.100:43272,0,115,11,4,52.05
1777234975.222317,10.10.1.100:43272,0,115,11,4,51.681
1777234975.266694,10.10.1.100:43272,0,115,12,4,54.428
1777234975.310704,10.10.1.100:43272,0,115,12,4,52.611
1777234975.354688,10.10.1.100:43272,0,115,13,4,52.037
1777234975.400463,10.10.1.100:43272,0,115,13,4,51.445
1777234975.445362,10.10.1.100:43272,0,115,14,4,54.708
1777234975.493984,10.10.1.100:43272,0,115,14,4,53.762
1777234975.538557,10.10.1.100:43272,0,115,14,4,52.265
1777234975.582817,10.10.1.100:43272,2,117,9,10,51.903
1777234975.626806,10.10.1.100:43272,0,117,10,10,51.58
1777234975.670886,10.10.1.100:43272,0,117,11,10,52.445
1777234975.715882,10.10.1.100:43272,0,117,11,10,51.786
1777234975.760693,10.10.1.100:43272,0,117,12,10,54.421
1777234975.804710,10.10.1.100:43272,0,117,12,10,53.04
1777234975.849365,10.10.1.100:43272,0,117,12,10,52.36
1777234975.893532,10.10.1.100:43272,0,117,12,10,51.823
1777234975.937780,10.10.1.100:43272,0,117,12,10,51.643
1777234975.983755,10.10.1.100:43272,0,117,13,10,51.303
1777234976.028411,10.10.1.100:43272,0,117,13,10,51.143
1777234976.072424,10.10.1.100:43272,0,117,14,10,53.862
1777234976.118150,10.10.1.100:43272,0,117,14,10,52.33
1777234976.164548,10.10.1.100:43272,0,117,15,10,51.773
1777234976.209507,10.10.1.100:43272,1,118,13,10,51.55
1777234976.253389,10.10.1.100:43272,1,118,10,10,51.65
1777234976.298289,10.10.1.100:43272,0,118,10,10,51.402
1777234976.343503,10.10.1.100:43272,0,118,11,10,54.761
1777234976.388493,10.10.1.100:43272,0,118,11,10,53.083
1777234976.432821,10.10.1.100:43272,0,118,12,10,55.013
1777234976.477403,10.10.1.100:43272,0,118,12,10,53.433
1777234976.525533,10.10.1.100:43272,0,118,12,10,55.622
1777234976.572129,10.10.1.100:43272,0,118,13,10,54.602
1777234976.617559,10.10.1.100:43272,0,118,13,10,52.852
1777234976.662194,10.10.1.100:43272,0,118,13,10,52.049
1777234976.779390,10.10.1.100:43272,0,118,14,10,53.938
1777234976.882216,10.10.1.100:43272,0,119,10,9,51.807
1777234976.937784,10.10.1.100:43272,0,119,10,9,53.132
1777234976.992392,10.10.1.100:43272,0,119,10,9,52.119
1777234977.046545,10.10.1.100:43272,0,119,11,9,51.664
1777234977.101017,10.10.1.100:43272,0,119,11,9,51.252
1777234977.155565,10.10.1.100:43272,0,119,12,9,51.1
1777234977.210597,10.10.1.100:43272,0,119,12,9,53.733
1777234977.266354,10.10.1.100:43272,0,119,13,9,52.265
1777234977.320731,10.10.1.100:43272,0,119,13,9,51.596
1777234977.375465,10.10.1.100:43272,0,119,14,9,53.491
1777234977.430318,10.10.1.100:43272,1,120,9,9,52.467
1777234977.484480,10.10.1.100:43272,0,120,9,9,52.077
1777234977.539794,10.10.1.100:43272,0,120,10,9,56.703
1777234977.585820,10.10.1.100:43272,0,120,11,9,53.172
1777234977.630353,10.10.1.100:43272,0,120,11,9,52.624
1777234977.674794,10.10.1.100:43272,0,120,11,9,51.928
1777234977.718990,10.10.1.100:43272,0,120,11,9,54.474
1777234977.763768,10.10.1.100:43272,0,120,11,9,53.423
1777234977.807397,10.10.1.100:43272,0,120,12,9,54.825
1777234977.850811,10.10.1.100:43272,1,121,9,8,52.772
1777234977.895267,10.10.1.100:43272,1,121,8,8,52.69
1777234977.939511,10.10.1.100:43272,0,121,8,8,52.444
1777234977.989020,10.10.1.100:43272,0,121,9,8,52.31
1777234978.033930,10.10.1.100:43272,1,122,6,6,55.034
1777234978.077622,10.10.1.100:43272,0,122,6,6,53.634
1777234978.122569,10.10.1.100:43272,0,122,7,6,53.722
1777234978.166032,10.10.1.100:43272,0,122,7,6,56.198
1777234978.211939,10.10.1.100:43272,0,122,7,6,55.282
1777234978.255610,10.10.1.100:43272,0,122,7,6,53.907
1777234978.300104,10.10.1.100:43272,0,122,8,6,58.948
1777234978.345036,10.10.1.100:43272,0,122,8,6,56.445
1777234978.389320,10.10.1.100:43272,1,123,5,5,54.414
1777234978.432643,10.10.1.100:43272,0,123,5,5,53.587
1777234978.477023,10.10.1.100:43272,0,123,6,5,53.519
1777234978.520791,10.10.1.100:43272,0,123,6,5,56.688
1777234978.568452,10.10.1.100:43272,0,123,6,5,54.901
1777234978.614349,10.10.1.100:43272,0,123,7,5,54.011
1777234978.658004,10.10.1.100:43272,0,123,7,5,53.452
1777234978.705383,10.10.1.100:43272,0,123,7,5,52.956
1777234978.751367,10.10.1.100:43272,0,123,7,5,52.357
1777234978.796208,10.10.1.100:43272,0,123,8,5,51.897
1777234978.923531,10.10.1.100:43272,1,124,5,5,51.557
1777234979.060973,10.10.1.100:43272,0,124,6,5,55.569
1777234979.146472,10.10.1.100:43272,0,124,7,5,52.629
1777234979.203101,10.10.1.100:43272,0,124,8,5,52.191
1777234979.258640,10.10.1.100:43272,0,124,8,5,55.171
1777234979.314275,10.10.1.100:43272,0,124,8,5,53.786
1777234979.369510,10.10.1.100:43272,1,125,6,6,56.734
1777234979.424429,10.10.1.100:43272,0,125,6,6,56.017
1777234979.478309,10.10.1.100:43272,0,125,7,6,58.675
1777234979.533847,10.10.1.100:43272,1,126,5,4,56.938
1777234979.589889,10.10.1.100:43272,0,126,4,4,55.249
1777234979.645322,10.10.1.100:43272,0,126,5,4,55.03
1777234979.699885,10.10.1.100:43272,0,126,5,4,54.161
1777234979.754655,10.10.1.100:43272,0,126,5,4,58.096
1777234979.805522,10.10.1.100:43272,0,126,5,4,57.499
1777234979.848978,10.10.1.100:43272,0,126,6,4,56.088
1777234979.984348,10.10.1.100:43272,0,126,6,4,59.809
1777234980.112943,10.10.1.100:43272,0,127,5,4,56.624
1777234980.169643,10.10.1.100:43272,1,129,3,3,53.826
1777234980.224432,10.10.1.100:43272,0,129,3,3,53.194
1777234980.278353,10.10.1.100:43272,0,129,3,3,53.194
1777234980.332526,10.10.1.100:43272,0,129,4,3,63.503
1777234980.386157,10.10.1.100:43272,0,129,4,3,60.662
1777234980.439741,10.10.1.100:43272,0,129,4,3,58.459
1777234980.494306,10.10.1.100:43272,0,129,4,3,56.799
1777234980.548366,10.10.1.100:43272,0,129,6,3,56.159
1777234980.602667,10.10.1.100:43272,0,129,6,3,54.512
1777234980.658764,10.10.1.100:43272,0,129,6,3,53.375
1777234980.713069,10.10.1.100:43272,0,129,8,3,52.265
1777234980.764919,10.10.1.100:43272,0,129,8,3,51.792
1777234980.811551,10.10.1.100:43272,0,129,8,3,51.539
1777234980.856143,10.10.1.100:43272,0,129,8,3,51.539
1777234980.900292,10.10.1.100:43272,0,129,8,3,51.347
1777234980.945696,10.10.1.100:43272,0,129,10,3,51.203
1777234980.990435,10.10.1.100:43272,1,130,9,7,51.162
1777234981.034136,10.10.1.100:43272,0,130,7,7,51.114
1777234981.077765,10.10.1.100:43272,0,130,8,7,51.123
1777234981.122498,10.10.1.100:43272,1,131,5,5,51.205
1777234981.166220,10.10.1.100:43272,0,131,5,5,51.18
1777234981.210323,10.10.1.100:43272,1,132,4,3,51.15
1777234981.265224,10.10.1.100:43272,0,132,3,3,50.958
1777234981.398630,10.10.1.100:43272,0,132,4,3,55.237
1777234981.505230,10.10.1.100:43272,0,132,4,3,58.585
1777234981.560992,10.10.1.100:43272,0,132,5,3,56.187
1777234981.615077,10.10.1.100:43272,0,132,5,3,55.001
1777234981.670644,10.10.1.100:43272,0,132,6,3,58.452
1777234981.725442,10.10.1.100:43272,0,132,7,3,55.487
1777234981.779951,10.10.1.100:43272,0,132,7,3,54.134
1777234981.834207,10.10.1.100:43272,0,132,8,3,53.496
1777234981.888375,10.10.1.100:43272,0,132,8,3,52.773
1777234981.943006,10.10.1.100:43272,0,132,9,3,55.953
1777234981.997465,10.10.1.100:43272,0,132,9,3,54.006
1777234982.051894,10.10.1.100:43272,0,132,9,3,55.533
1777234982.107097,10.10.1.100:43272,0,132,10,3,53.375
1777234982.161505,10.10.1.100:43272,0,132,11,3,52.271
1777234982.215071,10.10.1.100:43272,0,132,11,3,51.529
1777234982.259926,10.10.1.100:43272,1,133,7,7,51.626
1777234982.303907,10.10.1.100:43272,1,134,5,4,51.421
1777234982.349045,10.10.1.100:43272,0,134,4,4,51.449
1777234982.392953,10.10.1.100:43272,0,134,5,4,56.177
1777234982.436640,10.10.1.100:43272,0,134,5,4,55.046
1777234982.479979,10.10.1.100:43272,0,134,5,4,54.583
1777234982.523584,10.10.1.100:43272,0,134,5,4,54.184
1777234982.566805,10.10.1.100:43272,0,134,5,4,53.517
1777234982.611025,10.10.1.100:43272,0,134,6,4,58.52
1777234982.654268,10.10.1.100:43272,0,134,6,4,56.103
1777234982.697594,10.10.1.100:43272,0,134,7,4,54.933
1777234982.745092,10.10.1.100:43272,1,135,6,4,54.469
1777234982.789521,10.10.1.100:43272,1,136,4,4,53.236
1777234982.833730,10.10.1.100:43272,0,136,4,4,52.863
1777234982.878840,10.10.1.100:43272,0,136,5,4,53.49
1777234982.922675,10.10.1.100:43272,0,136,5,4,52.868
1777234982.967897,10.10.1.100:43272,0,136,5,4,56.354
1777234983.015213,10.10.1.100:43272,1,137,3,3,54.487
1777234983.061108,10.10.1.100:43272,0,137,3,3,53.926
1777234983.106051,10.10.1.100:43272,0,137,4,3,59.92
1777234983.149136,10.10.1.100:43272,0,137,4,3,59.92
1777234983.193448,10.10.1.100:43272,0,137,4,3,57.886
1777234983.237101,10.10.1.100:43272,0,137,4,3,56.326
1777234983.280302,10.10.1.100:43272,0,137,5,3,55.679
1777234983.323336,10.10.1.100:43272,1,138,3,3,59.203
1777234983.402307,10.10.1.100:43272,0,138,3,3,57.451
1777234983.505198,10.10.1.100:43272,0,138,4,3,61.297
1777234983.560689,10.10.1.100:43272,0,138,4,3,58.942
1777234983.615039,10.10.1.100:43272,0,138,6,3,55.725
1777234983.669135,10.10.1.100:43272,0,138,6,3,54.232
1777234983.723599,10.10.1.100:43272,0,138,6,3,57.141
1777234983.831834,10.10.1.100:43272,0,138,6,3,55.257
1777234983.966708,10.10.1.100:43272,0,138,7,3,53.202
1777234984.032572,10.10.1.100:43272,0,139,5,4,55.127
1777234984.087301,10.10.1.100:43272,0,139,5,4,57.912
1777234984.141491,10.10.1.100:43272,0,139,5,4,55.671
1777234984.195397,10.10.1.100:43272,0,139,7,4,54.688
1777234984.249985,10.10.1.100:43272,1,140,5,4,53.547
1777234984.304546,10.10.1.100:43272,1,141,4,4,59.625
1777234984.360186,10.10.1.100:43272,0,141,4,4,57.626
1777234984.414617,10.10.1.100:43272,0,141,5,4,59.607
1777234984.469201,10.10.1.100:43272,0,141,5,4,62.252
1777234984.523260,10.10.1.100:43272,0,141,6,4,59.733
1777234984.577823,10.10.1.100:43272,0,141,6,4,63.198
1777234984.632214,10.10.1.100:43272,1,142,4,4,58.442
1777234984.686059,10.10.1.100:43272,0,142,4,4,56.27
1777234984.735978,10.10.1.100:43272,0,142,5,4,56.744
1777234984.782191,10.10.1.100:43272,0,142,5,4,59.045
1777234984.828289,10.10.1.100:43272,0,142,5,4,57.232
1777234984.873382,10.10.1.100:43272,0,142,6,4,58.199
1777234984.917707,10.10.1.100:43272,0,142,6,4,57.317
1777234984.961721,10.10.1.100:43272,0,142,6,4,61.721
1777234985.005359,10.10.1.100:43272,0,142,7,4,58.237
1777234985.049123,10.10.1.100:43272,0,142,7,4,58.294
1777234985.092444,10.10.1.100:43272,0,142,7,4,57.417
1777234985.138071,10.10.1.100:43272,0,142,8,4,59.48
1777234985.183062,10.10.1.100:43272,0,142,8,4,56.786
1777234985.229181,10.10.1.100:43272,0,142,10,4,57.125
1777234985.274391,10.10.1.100:43272,0,142,10,4,54.234
1777234985.319026,10.10.1.100:43272,0,142,10,4,52.7
1777234985.365443,10.10.1.100:43272,0,142,10,4,51.981
1777234985.411260,10.10.1.100:43272,0,142,11,4,51.546
1777234985.455791,10.10.1.100:43272,0,142,11,4,56.778
1777234985.500385,10.10.1.100:43272,0,142,11,4,54.02
1777234985.547406,10.10.1.100:43272,0,142,13,4,53.514
1777234985.593388,10.10.1.100:43272,0,142,13,4,52.245
1777234985.638431,10.10.1.100:43272,0,142,13,4,53.793
1777234985.684731,10.10.1.100:43272,0,142,13,4,53.003
1777234985.731090,10.10.1.100:43272,0,142,14,4,52.085
1777234985.776523,10.10.1.100:43272,2,144,9,9,54.786
1777234985.823950,10.10.1.100:43272,1,145,8,9,53.262
1777234985.870332,10.10.1.100:43272,0,145,9,9,52.562
1777234985.915407,10.10.1.100:43272,0,145,9,9,57.512
1777234985.960829,10.10.1.100:43272,0,145,10,9,54.868
1777234986.007135,10.10.1.100:43272,0,145,10,9,54.093
1777234986.053029,10.10.1.100:43272,0,145,11,9,55.819
1777234986.098238,10.10.1.100:43272,0,145,11,9,53.89
1777234986.142047,10.10.1.100:43272,0,145,11,9,55.524
1777234986.186321,10.10.1.100:43272,0,145,11,9,53.586
1777234986.230849,10.10.1.100:43272,0,145,12,9,52.419
1777234986.274804,10.10.1.100:43272,0,145,12,9,57.477
1777234986.318349,10.10.1.100:43272,1,146,11,8,54.853
1777234986.362790,10.10.1.100:43272,1,147,8,8,53.396
1777234986.408146,10.10.1.100:43272,0,147,8,8,52.305
1777234986.451865,10.10.1.100:43272,0,147,9,8,52.601
1777234986.495072,10.10.1.100:43272,0,147,9,8,52.099
1777234986.538791,10.10.1.100:43272,0,147,9,8,55.055
1777234986.583580,10.10.1.100:43272,0,147,9,8,54.561
1777234986.627130,10.10.1.100:43272,0,147,10,8,53.121
1777234986.671002,10.10.1.100:43272,1,148,7,7,52.424
1777234986.714926,10.10.1.100:43272,0,148,8,7,52.011
1777234986.759895,10.10.1.100:43272,0,148,8,7,51.593
1777234986.803108,10.10.1.100:43272,0,148,8,7,51.515
1777234986.849661,10.10.1.100:43272,0,148,8,7,55.756
1777234986.894768,10.10.1.100:43272,1,149,5,5,54.387
1777234986.939161,10.10.1.100:43272,0,149,5,5,53.554
1777234986.982870,10.10.1.100:43272,0,149,6,5,53.16
1777234987.026807,10.10.1.100:43272,0,149,6,5,52.525
1777234987.070509,10.10.1.100:43272,0,149,6,5,52.055
1777234987.113649,10.10.1.100:43272,0,149,6,5,51.932
1777234987.156841,10.10.1.100:43272,0,149,7,5,51.698
1777234987.201026,10.10.1.100:43272,0,149,7,5,51.634
1777234987.244802,10.10.1.100:43272,0,149,7,5,51.603
1777234987.288609,10.10.1.100:43272,0,149,8,5,54.936
1777234987.333031,10.10.1.100:43272,0,149,9,5,56.428
1777234987.378417,10.10.1.100:43272,0,149,9,5,54.708
1777234987.423203,10.10.1.100:43272,0,149,9,5,59.445
1777234987.467465,10.10.1.100:43272,0,149,9,5,56.04
1777234987.512243,10.10.1.100:43272,0,149,11,5,54.738
1777234987.558333,10.10.1.100:43272,0,149,11,5,53.042
1777234987.603960,10.10.1.100:43272,0,149,11,5,56.71
1777234987.649816,10.10.1.100:43272,0,149,11,5,54.439
1777234987.693676,10.10.1.100:43272,0,149,12,5,52.843
1777234987.738742,10.10.1.100:43272,2,151,8,8,55.11
1777234987.782923,10.10.1.100:43272,1,151,8,8,54.332
1777234987.827167,10.10.1.100:43272,1,152,7,8,53.909
1777234987.874606,10.10.1.100:43272,1,152,7,8,53.365
1777234987.921379,10.10.1.100:43272,0,152,8,8,53.555
1777234987.965859,10.10.1.100:43272,0,152,9,8,55.962
1777234988.010159,10.10.1.100:43272,0,152,9,8,53.961
1777234988.055443,10.10.1.100:43272,0,152,10,8,52.893
1777234988.103934,10.10.1.100:43272,0,152,10,8,52.129
1777234988.149713,10.10.1.100:43272,0,152,10,8,51.605
1777234988.195150,10.10.1.100:43272,0,152,11,8,51.351
1777234988.239239,10.10.1.100:43272,0,152,11,8,51.3
1777234988.282892,10.10.1.100:43272,1,153,7,7,51.41
1777234988.326739,10.10.1.100:43272,0,153,7,7,51.704
1777234988.370831,10.10.1.100:43272,0,153,8,7,56.122
1777234988.414121,10.10.1.100:43272,0,153,8,7,54.096
1777234988.458361,10.10.1.100:43272,1,154,5,5,52.921
1777234988.501521,10.10.1.100:43272,0,154,5,5,52.587
1777234988.545334,10.10.1.100:43272,0,154,5,5,52.452
1777234988.588786,10.10.1.100:43272,0,154,6,5,52.308
1777234988.632574,10.10.1.100:43272,1,155,4,4,52.083
1777234988.676506,10.10.1.100:43272,0,155,5,4,52.826
1777234988.720645,10.10.1.100:43272,0,155,5,4,53.308
1777234988.764072,10.10.1.100:43272,0,155,5,4,52.798
1777234988.810993,10.10.1.100:43272,0,155,5,4,56.295
1777234988.859111,10.10.1.100:43272,0,155,6,4,56.755
1777234988.904384,10.10.1.100:43272,0,155,7,4,56.014
1777234988.952469,10.10.1.100:43272,0,155,7,4,58.984
1777234988.996828,10.10.1.100:43272,0,155,7,4,56.374
1777234989.041419,10.10.1.100:43272,0,155,7,4,56.32
1777234989.085554,10.10.1.100:43272,0,155,8,4,54.665
1777234989.129819,10.10.1.100:43272,0,155,8,4,56.732
1777234989.174010,10.10.1.100:43272,0,155,8,4,54.509
1777234989.218843,10.10.1.100:43272,0,155,9,4,53.427
1777234989.263311,10.10.1.100:43272,0,155,9,4,53.196
1777234989.308067,10.10.1.100:43272,0,155,9,4,52.563
1777234989.353703,10.10.1.100:43272,0,155,10,4,54.975
1777234989.399094,10.10.1.100:43272,0,155,10,4,53.086
1777234989.443092,10.10.1.100:43272,0,155,11,4,52.136
1777234989.487667,10.10.1.100:43272,0,155,11,4,51.873
1777234989.533040,10.10.1.100:43272,0,155,12,4,55.25
1777234989.578344,10.10.1.100:43272,0,155,12,4,53.055
1777234989.623854,10.10.1.100:43272,0,155,13,4,52.606
1777234989.669158,10.10.1.100:43272,0,155,13,4,51.962
1777234989.714352,10.10.1.100:43272,0,155,13,4,51.53
1777234989.759322,10.10.1.100:43272,0,155,14,4,53.831
1777234989.802990,10.10.1.100:43272,1,156,12,9,52.104
1777234989.846646,10.10.1.100:43272,0,156,9,9,52.013
1777234989.890809,10.10.1.100:43272,0,156,10,9,55.072
1777234989.935727,10.10.1.100:43272,0,156,10,9,53.79
1777234989.984105,10.10.1.100:43272,0,156,11,9,52.733
1777234990.028185,10.10.1.100:43272,1,157,10,7,52.798
1777234990.072084,10.10.1.100:43272,1,157,7,7,52.511
1777234990.116490,10.10.1.100:43272,0,157,7,7,52.697
1777234990.160053,10.10.1.100:43272,0,157,8,7,52.857
1777234990.203830,10.10.1.100:43272,0,157,8,7,52.144
1777234990.248482,10.10.1.100:43272,0,157,8,7,51.764
1777234990.292598,10.10.1.100:43272,0,157,8,7,51.559
1777234990.335972,10.10.1.100:43272,0,157,9,7,51.524
1777234990.380280,10.10.1.100:43272,0,157,9,7,51.455
1777234990.423816,10.10.1.100:43272,1,158,9,6,51.349
1777234990.468014,10.10.1.100:43272,0,158,6,6,51.272
1777234990.510792,10.10.1.100:43272,0,158,7,6,52.407
1777234990.554380,10.10.1.100:43272,0,158,7,6,55.469
1777234990.597159,10.10.1.100:43272,0,158,7,6,55.469
1777234990.702335,10.10.1.100:43272,0,158,7,6,54.475
1777234990.836282,10.10.1.100:43272,0,159,5,4,55.247
1777234990.905100,10.10.1.100:43272,0,159,5,4,56.557
1777234990.959890,10.10.1.100:43272,0,159,5,4,58.854
1777234991.016776,10.10.1.100:43272,0,159,7,4,58.11
1777234991.070925,10.10.1.100:43272,1,160,4,4,55.437
1777234991.124991,10.10.1.100:43272,0,160,5,4,58.792
1777234991.179300,10.10.1.100:43272,0,160,5,4,57.057
1777234991.233778,10.10.1.100:43272,0,160,5,4,55.716
1777234991.288076,10.10.1.100:43272,0,160,6,4,58.346
1777234991.342338,10.10.1.100:43272,0,160,6,4,56.051
1777234991.396606,10.10.1.100:43272,0,160,6,4,54.536
1777234991.450519,10.10.1.100:43272,0,160,7,4,53.48
1777234991.505192,10.10.1.100:43272,0,160,7,4,52.786
1777234991.559246,10.10.1.100:43272,0,160,8,4,52.334
1777234991.694195,10.10.1.100:43272,0,160,9,4,51.76
1777234991.773597,10.10.1.100:43272,0,160,10,4,54.396
1777234991.829568,10.10.1.100:43272,0,160,10,4,53.177
1777234991.883937,10.10.1.100:43272,0,160,11,4,56.472
1777234991.938700,10.10.1.100:43272,0,161,8,7,56.092
1777234991.993789,10.10.1.100:43272,0,161,8,7,54.456
1777234992.049768,10.10.1.100:43272,0,161,8,7,53.104
1777234992.104679,10.10.1.100:43272,0,161,9,7,52.417
1777234992.159096,10.10.1.100:43272,0,161,9,7,51.832
1777234992.213099,10.10.1.100:43272,0,161,9,7,54.641
1777234992.267630,10.10.1.100:43272,0,161,10,7,53.721
1777234992.384771,10.10.1.100:43272,0,161,10,7,52.469
1777234992.523250,10.10.1.100:43272,0,161,13,7,53.487
1777234992.629678,10.10.1.100:43272,0,161,13,7,53.904
1777234992.685417,10.10.1.100:43272,0,163,9,9,52.893
1777234992.817200,10.10.1.100:43272,1,164,6,6,52.284
1777234992.898112,10.10.1.100:43272,0,164,7,6,51.679
1777234992.953822,10.10.1.100:43272,0,164,7,6,55.226
1777234993.009598,10.10.1.100:43272,1,165,6,5,54.047
1777234993.148888,10.10.1.100:43272,0,165,6,5,52.663
1777234993.255010,10.10.1.100:43272,0,166,4,4,54.691
1777234993.312059,10.10.1.100:43272,0,166,5,4,55.198
1777234993.367265,10.10.1.100:43272,0,166,5,4,59.206
1777234993.421824,10.10.1.100:43272,0,166,5,4,57.352
1777234993.476629,10.10.1.100:43272,0,166,7,4,55.083
1777234993.530915,10.10.1.100:43272,0,166,7,4,57.172
1777234993.585935,10.10.1.100:43272,1,167,4,4,55.444
1777234993.639968,10.10.1.100:43272,0,167,4,4,54.889
1777234993.640986,10.10.1.100:43262,,,10,163,56.173
1777234993.694949,10.10.1.100:43272,0,167,5,4,58.589
1777234993.696009,10.10.1.100:43262,,,10,163,56.173
1777234993.750039,10.10.1.100:43272,0,167,5,4,56.916
1777234993.804437,10.10.1.100:43272,0,167,5,4,55.104
1777234993.939593,10.10.1.100:43272,0,167,7,4,55.219
